{"shortid":"SJglgoEumH","name":"general_templator.js","creationDate":"2021-01-28T12:08:37.534Z","modificationDate":"2021-01-28T12:08:37.534Z","_id":"11SoBu7sx6r56iSp","content":"\r\n\r\nasync function beforeRender(req, res, done) {\r\n \r\n\r\n      try {\r\n            \r\n      let layout = req.data\r\n      let id = layout.reportLayout.appInit.item.user.userSettings.timezoneId;\r\n      let userTimeZone = layout.reportLayout.appInit.item.timeZone.filter(\r\n        d => d.timezoneId === id\r\n      )[0];\r\n      let timeZoneCorrection =\r\n        new Date().getTimezoneOffset() * 60 * 1000 +\r\n        userTimeZone.rawOffset * 1000;\r\n      let user_dateFormat =\r\n        layout.reportLayout.appInit.item.user.userSettings.dateFormat;\r\n      let user_timeFormat =\r\n        layout.reportLayout.appInit.item.user.userSettings.timeFormat;\r\n\r\n      let numberPipe = new NumberPipe(layout.reportLayout);\r\n      \r\n      let tpl = new GenReport2(layout, {\r\n          numberPipe,\r\n          userTimeZone,\r\n          user_dateFormat,\r\n          timeZoneCorrection\r\n      });\r\n      req.data.pdf = layout.reportLayout.pdf;\r\n      req.data.size = layout.reportLayout.size;\r\n      req.data.totalRowWidth = tpl.totalRowWidth\r\n\r\n      req.data.template = tpl.finalTemplate ;\r\n      // req.data.templateName = layout.reportLayout.templateName\r\n    \r\n      done()\r\n      } catch (e) {\r\n          req.data.template = JSON.stringify(e)\r\n          done()\r\n      }\r\n     \r\n}"}