{"shortid":"S1esE-fOn4","name":"general_ledger.back.js","creationDate":"2021-01-28T12:08:37.545Z","modificationDate":"2021-01-28T12:08:37.545Z","_id":"tBKz4Gdos8mDnudq","folder":{"shortid":"YQyBOyX"},"content":"const Decimal = require('decimal.js-light');\r\nconst dateFns = require('date-fns');\r\n\r\nfunction convertNeutralMillisToDate(neutralMillis) {\r\n\r\n  return new Date(neutralMillis + (new Date()).getTimezoneOffset() * 60000);\r\n}\r\n\r\nclass MakeHeaderFooter {\r\n\r\n  transformTemplateHeader() {\r\n    let header = this.data.reportLayout.viewState.settingsFormState.header;\r\n    let company_logo_url;\r\n    let logo_tag = \"\",\r\n      qr_code_tag = \"\",\r\n      c_name_tag = \"\",\r\n      h_note_tag = \"\",\r\n      r_title_tag = \"\",\r\n      r_period_tag = \"\";\r\n    // qr code\r\n    if (header.qrCode) {\r\n      let logo_css_prop = `url('https://api.qrserver.com/v1/create-qr-code/?size=64x64&data=${reportUrl}')`;\r\n      qr_code_tag = /* html */ `\r\n            <div class=\"qr-code\" style=\"background-image: ${logo_css_prop}\"></div>\r\n          `;\r\n    }\r\n    // company logo\r\n    if (this.data.reportLayout.viewState.settingsFormState.company_logo) {\r\n      company_logo_url = this.data.reportLayout.viewState.settingsFormState.company_logo;\r\n    } else {\r\n      company_logo_url = this.data.reportLayout.appInit.item.company.industryId == 2 ? \"{#asset /assets/InnteoLogo.png @encoding=dataURI}\" : \"{#asset /assets/acounteLogo.png @encoding=dataURI}\"\r\n    }\r\n\r\n    if (header.companyLogo) {\r\n      // company_logo_url =\r\n      //   this.data.reportLayout.viewState.settingsFormState.company_logo ||\r\n      //   \"{#asset /assets/InnteoLogo.png @encoding=dataURI}\";\r\n\r\n      let logo_css_prop = `url( ${company_logo_url} )`;\r\n      logo_tag = `<div class=\"logo\" style=\"background-image: ${logo_css_prop}\"></div>`;\r\n    }\r\n    // company name\r\n    if (header.companyNameChkBox) {\r\n      c_name_tag = `<div class=\"c_name\" ><span>${header.companyName}</span></div>`;\r\n    }\r\n    // headerNote\r\n    if (header.headerNote) {\r\n      h_note_tag = `<div class=\"h_note\" ><span>${header.headerNote}</span></div>`;\r\n    }\r\n    // report title\r\n\r\n    if (header.reportPeriod) {\r\n      let flt = this.data.reportLayout.selectedFilters;\r\n      let val;\r\n      if (header.reportPeriod_val in flt) {\r\n        val = flt[header.reportPeriod_val].value;\r\n      }\r\n      if (val && Array.isArray(val) && val.length) {\r\n        val = val.map(el =>\r\n         /* dateFns.format(\r\n            new Date(+el + this.timeZoneCorrection),\r\n            this.user_dateFormat.toUpperCase()\r\n          ) */ this.formator(+el + this.extra.timeZoneCorrection, 'date')\r\n        );\r\n        r_period_tag = `<div class=\"r_period\" >${val[0]} - ${val[1]}</div>`;\r\n      } else {\r\n        r_period_tag = `<div class=\"r_period\" >All</div>`;\r\n      }\r\n    }\r\n    // report title\r\n    if (header.reportTitleChkBox) {\r\n      r_title_tag = `<div class=\"r_title\" ><span>${header.reportTitle}</span></div>`;\r\n    }\r\n\r\n    let tpl = /*html*/ `\r\n              <div class=\"main-heading-col\">\r\n                ${logo_tag}\r\n                ${c_name_tag}\r\n                <div class='r_title_tag'> ${r_title_tag}</div>\r\n                ${h_note_tag}\r\n                ${r_period_tag}\r\n              </div>\r\n              <div class=\"qr-code-col\">\r\n                ${qr_code_tag}\r\n              </div>\r\n        `;\r\n    return tpl;\r\n  }\r\n  transformTemplateFooter() {\r\n    let footer = this.data.reportLayout.viewState.settingsFormState.footer;\r\n\r\n    let f_note_tag = \"\",\r\n      f_prepared_by_tag = \"\",\r\n      f_data = \"\";\r\n\r\n    // footer note\r\n    if (footer.footerNote) {\r\n      f_note_tag = `<div class=\"f_note\" ><span>${footer.footerNote}</span></div>`;\r\n    }\r\n    // footer note\r\n    if (footer.preparedByChkBox && footer.preparedBy) {\r\n      f_prepared_by_tag = `<div class=\"f_preparedby\" ><span>${footer.preparedBy}</span></div>`;\r\n    }\r\n\r\n    if (footer.preparationDateChkBox && footer.preparationDate) {\r\n\r\n      f_data = /*dateFns.format(\r\n        new Date(+footer.preparationDate + this.timeZoneCorrection),\r\n        this.user_dateFormat.toUpperCase()\r\n      ); */ this.formator(+el + this.extra.timeZoneCorrection, 'date')\r\n\r\n      f_data = `<div class=\"f_note\" ><span>${f_data}</span></div>`;\r\n    }\r\n    let tpl = /*html*/ `\r\n                ${f_note_tag}\r\n                ${f_prepared_by_tag}\r\n                ${f_data}\r\n        `;\r\n    return tpl;\r\n  }\r\n}\r\n\r\nclass NumberPipe {\r\n  constructor(reportLayout) {\r\n    this.reportLayout = reportLayout;\r\n    this.appInit = this.reportLayout.appInit.item;\r\n\r\n    this.defaultMsNumberFormatting = {\r\n      currencySymbol: \"\",\r\n      currencyCode: \"\",\r\n      currencyFormat: \"\",\r\n      thousandSeparator: \"\",\r\n      amountDecimalPlaces: \"\",\r\n      priceDecimalPlaces: \"\",\r\n      quantityDecimalPlaces: \"\",\r\n      rateDecimalPlaces: \"\",\r\n      percentDecimalPlaces: \"\",\r\n      unitDecimalPlaces: \"\",\r\n      currencyCreditFormat: \"\"\r\n    };\r\n    this.defaultCurrencySymbol = \"\";\r\n    this.defaultCurrencyCode = \"\";\r\n    this.defaultCurrencyFormat = \"\";\r\n    this.defaultMsNumberFormatting = this.getMsNumberFormatting();\r\n    if (this.defaultMsNumberFormatting) {\r\n      this.defaultCurrencySymbol = this.defaultMsNumberFormatting.currencySymbol;\r\n      this.defaultCurrencyCode = this.defaultMsNumberFormatting.currencyCode;\r\n      this.defaultCurrencyFormat = this.defaultMsNumberFormatting.currencyFormat;\r\n      this.defaultCurrencySeparator = this.defaultMsNumberFormatting.thousandSeparator;\r\n      this.amountDecimalPlaces = this.defaultMsNumberFormatting.amountDecimalPlaces;\r\n      this.priceDecimalPlaces = this.defaultMsNumberFormatting.priceDecimalPlaces;\r\n      this.quantityDecimalPlaces = this.defaultMsNumberFormatting.quantityDecimalPlaces;\r\n      this.rateDecimalPlaces = this.defaultMsNumberFormatting.rateDecimalPlaces;\r\n      this.percentDecimalPlaces = this.defaultMsNumberFormatting.percentDecimalPlaces;\r\n      this.unitDecimalPlaces = this.defaultMsNumberFormatting.unitDecimalPlaces;\r\n      this.currencyCreditFormat = this.defaultMsNumberFormatting.currencyCreditFormat;\r\n    }\r\n\r\n    //     amountDecimalPlaces: 2\r\n    // currencyFormat: null\r\n    // displayDensity: \"NORMAL\"\r\n    // percentDecimalPlaces: 1\r\n    // priceDecimalPlaces: 1\r\n    // quantityDecimalPlaces: 1\r\n    // rateDecimalPlaces: 1\r\n    // unitDecimalPlaces: 1\r\n\r\n    // this.currencyCreditFormat = '(#)';\r\n    // this.useNegativeSignWithCredit = this.defaultMsNumberFormatting.useNegativeSignWithCredit;\r\n  }\r\n\r\n  addSeparator(amount) {\r\n    if (amount) {\r\n      if (this.currencyCreditFormat === \"NONE\") {\r\n        return amount;\r\n      } else {\r\n        var parts = amount.toString().split(\".\");\r\n        parts[0] = parts[0].replace(\r\n          /\\B(?=(\\d{3})+(?!\\d))/g,\r\n          this.defaultCurrencySeparator\r\n        );\r\n        return parts.join(\".\");\r\n      }\r\n    }\r\n  }\r\n\r\n  applynegativeformatting(value) {\r\n    switch (this.currencyCreditFormat) {\r\n      case \"-#\":\r\n        if (value.includes(\"-\")) return `${value}`;\r\n        else return `-${value}`;\r\n      case \"RED(#)\":\r\n        if (value.includes(\"-\")) value = value.replace(/-/g, \"\");\r\n        value = `(${value})`;\r\n        this.isRed = true;\r\n        return value;\r\n      case \"(#)\":\r\n        if (value.includes(\"-\")) value = value.replace(/-/g, \"\");\r\n        return `(${value})`;\r\n      case \"RED-#\":\r\n        this.isRed = true;\r\n        if (value.includes(\"-\")) return `${value}`;\r\n        return `-${value}`;\r\n      case \"NONE\":\r\n        return `${value}`;\r\n    }\r\n  }\r\n\r\n  styleValue(value) {\r\n    if (this.isRed) value = `<span style='color: red'>${value}</span>`;\r\n    return value;\r\n    // return this.sanitizer.bypassSecurityTrustHtml(value)\r\n  }\r\n  getCurrencySymbolByCurrecnyCode(C_code) {\r\n    let companyCurrenciesListArray = this.appInit.companyCurrencyList;\r\n    // this.data(\"companyCurrencyList\").subscribe(data => {\r\n    //   companyCurrenciesListArray = data;\r\n    // });\r\n    return companyCurrenciesListArray &&\r\n      companyCurrenciesListArray.find(v => v.currencyCode == C_code) !=\r\n      null\r\n      ? companyCurrenciesListArray.find(v => v.currencyCode == C_code)\r\n        .currencySymbol\r\n      : null;\r\n  }\r\n  getThousandFormatter(sprtr) {\r\n    switch (sprtr) {\r\n      case \"COMMA\":\r\n        return \",\";\r\n      case \"SPACE\":\r\n        return \" \";\r\n      case \"NONE\":\r\n        return \"\";\r\n    }\r\n  }\r\n  getMsNumberFormatting() {\r\n    // this.data(\"company\").subscribe(v => {\r\n\r\n    let settingsFrom = this.reportLayout.viewState.settingsFormState;\r\n    this.numberFormating = this.appInit.company.companyAccountSettings;\r\n    // });\r\n    // this.data(\"companyCurrencyList\").subscribe(v => {\r\n    //   this.compCurrencyList = v;\r\n    // });\r\n    this.compCurrencyList = this.appInit.companyCurrencyList;\r\n    if (this.compCurrencyList && this.compCurrencyList.length > 0) {\r\n      this.currencyCodeObj = this.compCurrencyList.filter(\r\n        v => v.isLocal == true\r\n      );\r\n    }\r\n    if (this.numberFormating)\r\n      return {\r\n        currencySymbol: this.numberFormating\r\n          ? this.numberFormating[\"currencySymbol\"]\r\n          : null,\r\n        currencyCode:\r\n          this.currencyCodeObj.length > 0\r\n            ? this.currencyCodeObj[0].currencyCode\r\n            : null,\r\n        currencyFormat:\r\n          settingsFrom.formatting[\"currencyFormat\"] ||\r\n          this.numberFormating[\"currencyFormat\"],\r\n        thousandSeparator: this.getThousandFormatter(\r\n          settingsFrom.formatting[\"thousandSeparator\"] ||\r\n          this.numberFormating[\"thousandSeparator\"]\r\n        ),\r\n        amountDecimalPlaces:\r\n          settingsFrom.formatting[\"amountDecimalPlaces\"] ||\r\n          this.numberFormating[\"amountDecimalPlaces\"],\r\n        priceDecimalPlaces:\r\n          settingsFrom.formatting[\"priceDecimalPlaces\"] ||\r\n          this.numberFormating[\"priceDecimalPlaces\"],\r\n        quantityDecimalPlaces:\r\n          settingsFrom.formatting[\"quantityDecimalPlaces\"] ||\r\n          this.numberFormating[\"quantityDecimalPlaces\"],\r\n        rateDecimalPlaces:\r\n          settingsFrom.formatting[\"rateDecimalPlaces\"] ||\r\n          this.numberFormating[\"rateDecimalPlaces\"],\r\n        percentDecimalPlaces:\r\n          settingsFrom.formatting[\"percentDecimalPlaces\"] ||\r\n          this.numberFormating[\"percentDecimalPlaces\"],\r\n        unitDecimalPlaces:\r\n          settingsFrom.formatting[\"unitDecimalPlaces\"] ||\r\n          this.numberFormating[\"unitDecimalPlaces\"],\r\n        currencyCreditFormat:\r\n          settingsFrom.formatting[\"currencyCreditFormat\"] ||\r\n          this.numberFormating[\"currencyCreditFormat\"]\r\n        // 'useNegativeSignWithCredit': this.numberFormating['useNegativeSignWithCredit'],\r\n      };\r\n    else\r\n      return {\r\n        currencySymbol: null,\r\n        currencyCode: null,\r\n        currencyFormat: null,\r\n        thousandSeparator: null,\r\n        amountDecimalPlaces: null,\r\n        priceDecimalPlaces: null,\r\n        quantityDecimalPlaces: null,\r\n        rateDecimalPlaces: null,\r\n        percentDecimalPlaces: null,\r\n        unitDecimalPlaces: null,\r\n        currencyCreditFormat: null\r\n      };\r\n  }\r\n  transform(\r\n    value,\r\n    args,\r\n    uom,\r\n    currencyFormatToOverride,\r\n    currencyToOverride\r\n  ) {\r\n    if (currencyFormatToOverride)\r\n      this.defaultCurrencyFormat = currencyFormatToOverride;\r\n    else\r\n      this.defaultCurrencyFormat = this.defaultMsNumberFormatting\r\n        ? this.defaultMsNumberFormatting.currencyFormat\r\n        : null;\r\n    switch (args) {\r\n      case \"amount\":\r\n        this.decimalPlaces = this.amountDecimalPlaces;\r\n        break;\r\n      case \"price\":\r\n        this.decimalPlaces = this.priceDecimalPlaces;\r\n        break;\r\n      case \"quantity\":\r\n        this.decimalPlaces = this.quantityDecimalPlaces;\r\n        break;\r\n      case \"rate\":\r\n        this.decimalPlaces = this.rateDecimalPlaces;\r\n        break;\r\n      case \"percent\":\r\n        this.decimalPlaces = this.percentDecimalPlaces;\r\n        break;\r\n      case \"unit\":\r\n        this.decimalPlaces = this.unitDecimalPlaces;\r\n        break;\r\n      default:\r\n        this.decimalPlaces = 2;\r\n        break;\r\n    }\r\n\r\n    // if ((value - Math.floor(value)) != 0) {\r\n    if (args !== \"quantity\" || args !== \"percent\") {\r\n      if (value) {\r\n        const valX = new Decimal(value);\r\n        value = valX.toFixed(this.decimalPlaces, Decimal.ROUND_DOWN);\r\n        // value = valX.toFixed(this.decimalPlaces);\r\n        // value = (+value).toFixed(this.decimalPlaces);\r\n      }\r\n    }\r\n    // }\r\n\r\n    if (args !== \"quantity\" || args !== \"percent\") {\r\n      value = this.addSeparator(value);\r\n    }\r\n    if (value == null || value == undefined) return value;\r\n\r\n    if (parseInt(value) < 0) value = this.applynegativeformatting(value);\r\n\r\n    // if (Flag && this.useNegativeSignWithCredit) {\r\n    //   if (value.includes(\"-\")) { }\r\n    //   else value = `-${value}`; value = this.applynegativeformatting(value);\r\n    // }\r\n\r\n    if (currencyToOverride) {\r\n      this.defaultCurrencyCode = currencyToOverride;\r\n      this.defaultCurrencySymbol = this.getCurrencySymbolByCurrecnyCode(\r\n        currencyToOverride\r\n      );\r\n    }\r\n\r\n    if (args === \"quantity\" || args === \"percent\") {\r\n      switch (args) {\r\n        case \"quantity\":\r\n          return this.styleValue(`${value}${uom || \"\"}`);\r\n        case \"percent\":\r\n          return this.styleValue(`${value}%`);\r\n      }\r\n    } else {\r\n      let formattedVal;\r\n      let valuetoEmbed;\r\n      switch (this.defaultCurrencyFormat) {\r\n        // case 'COD ####.##':\r\n        case \"USD#\":\r\n          if (value.includes(\"(\") && value.includes(\")\"))\r\n            formattedVal = `(${this.defaultCurrencyCode} ${value.slice(\r\n              1,\r\n              -1\r\n            )})`;\r\n          else formattedVal = `${this.defaultCurrencyCode} ${value}`;\r\n          break;\r\n        // case 'S####.##':\r\n        case \"$#\":\r\n          valuetoEmbed = this.defaultCurrencySymbol\r\n            ? `${this.defaultCurrencySymbol}`\r\n            : \"\";\r\n          if (value.includes(\"(\") && value.includes(\")\"))\r\n            formattedVal = `(${valuetoEmbed}${value.slice(1, -1)})`;\r\n          else formattedVal = `${valuetoEmbed}${value}`;\r\n          break;\r\n        // case 'COD(S) ####.##':\r\n        case \"USD($)#\":\r\n          valuetoEmbed = this.defaultCurrencySymbol\r\n            ? `(${this.defaultCurrencySymbol})`\r\n            : \"\";\r\n          if (value.includes(\"(\") && value.includes(\")\"))\r\n            formattedVal = `(${this.defaultCurrencyCode\r\n              }${valuetoEmbed} ${value.slice(1, -1)})`;\r\n          else\r\n            formattedVal = `${this.defaultCurrencyCode\r\n              }${valuetoEmbed} ${value}`;\r\n          break;\r\n        // case '####.## COD':\r\n        case \"#USD\":\r\n          if (value.includes(\"(\") && value.includes(\")\"))\r\n            formattedVal = `(${value.slice(1, -1)} ${this.defaultCurrencyCode\r\n              })`;\r\n          else formattedVal = `${value} ${this.defaultCurrencyCode}`;\r\n          break;\r\n        // case '####.## S':\r\n        case \"#$\":\r\n          valuetoEmbed = this.defaultCurrencySymbol\r\n            ? `${this.defaultCurrencySymbol}`\r\n            : \"\";\r\n          if (value.includes(\"(\") && value.includes(\")\"))\r\n            formattedVal = `(${value.slice(1, -1)} ${valuetoEmbed})`;\r\n          else formattedVal = `${value} ${valuetoEmbed}`;\r\n          break;\r\n        // case '####.## COD(S)':\r\n        case \"#USD($)\":\r\n          valuetoEmbed = this.defaultCurrencySymbol\r\n            ? `(${this.defaultCurrencySymbol})`\r\n            : \"\";\r\n          if (value.includes(\"(\") && value.includes(\")\"))\r\n            formattedVal = `(${value.slice(1, -1)} ${this.defaultCurrencyCode\r\n              }${valuetoEmbed})`;\r\n          else\r\n            formattedVal = `${value} ${this.defaultCurrencyCode\r\n              }${valuetoEmbed}`;\r\n          break;\r\n      }\r\n      //\r\n      let val = this.styleValue(formattedVal);\r\n      this.isRed = false;\r\n      return val;\r\n    }\r\n  }\r\n}\r\n\r\nclass GenReport {\r\n  constructor(data, extra) {\r\n    this.extra = extra;\r\n    this.isRed = false;\r\n    for (let temp in extra) {\r\n      this[temp] = extra[temp];\r\n    }\r\n    this.finalTemplate = \"\";\r\n    this.repCols = {};\r\n    this.tpl_obj = {\r\n      tableHeder: \"\",\r\n      tableBody: \"\",\r\n      templateHeader: \"\",\r\n      templateFooter: \"\"\r\n    };\r\n    this.pdf = data.reportLayout.pdf;\r\n    this.size = data.reportLayout.size;\r\n    this.isGroup = false;\r\n    this.isFlatten = false;\r\n    this.group = data.reportLayout.viewState.groups.filter(\r\n      el => el.selected\r\n    ).map(el => {\r\n      this.isGroup = true;\r\n      return el;\r\n    })[0] /* .key */;\r\n    debugger;\r\n    this.company = data.reportLayout.appInit.item.company;\r\n    this.configTemplate = data.reportLayout.viewState.settings.template.filter(\r\n      el => el.selected\r\n    ).map(el => {\r\n      this.isFlatten = true;\r\n      return el\r\n    })[0]; /* .key */\r\n\r\n    this.columns = data.reportLayout.viewState.columns;\r\n    this.data = data;\r\n\r\n    this.tree = this.columns.filter(col => {\r\n      return col.type === \"TREE\";\r\n    })[0];\r\n    if (this.tree.width && this.tree.width.split('rem')[0] < 30) this.tree.width = '30rem'\r\n    this.totalRowWidth = 0;\r\n\r\n    this.totalColsToDraw = this.columns\r\n      .filter(col => {\r\n        let res = !!(\r\n          col.reportable &&\r\n          // col.type !== \"TREE\" /* && col.visible */ &&\r\n          col.order > -1\r\n        );\r\n        if (res) {\r\n          this.totalRowWidth += Number(col.width.split(\"rem\")[0]);\r\n        }\r\n        return res;\r\n      })\r\n      .sort((a, b) => {\r\n        if (a.order < b.order)\r\n          return -1;\r\n        if (a.order > b.order)\r\n          return 1;\r\n        return 0;\r\n      });\r\n    //\r\n\r\n    //   this.indentCorrection = this.configTemplate.key === 'FLATTEN' ? 0 : 80;\r\n    this.indentCorrection = this.configTemplate.key === 'FLATTEN' ? 0 : 0;\r\n    if (this.pdf) this.indentCorrection = -10;\r\n    console.log(this.totalRowWidth);\r\n    this.processTemplateStrings();\r\n    this.assembleTemplte();\r\n  }\r\n\r\n  formator(value, format, time = false) {\r\n    let format_;\r\n    let formated;\r\n    let fValue;\r\n    switch (format) {\r\n      case \"date\":\r\n        // debugger\r\n        //https://date-fns.org/v2.0.0-alpha.25/docs/format MMM D, YYYY\r\n        // let f = {\r\n        //   'M/d/y': 'M/D/YY', //'M/d/yy, h:mm a' (6/15/15, 9:03 AM).\r\n        //   'M/dd/yy': 'M/DD/YY',\r\n        //   'MMM dd, y': 'MMM DD, YYYY',\r\n        //   // 'MMM dd, y':'YYYY, DD MMM',///////\r\n        //   'E, MMMM d, y': 'dddd, MMMM, DD, YYYY', //equivalent to 'EEEE, MMMM d, y, h:mm:ss a zzzz' (Monday, June 15, 2015 at 9:03:01 AM GMT+01:00).\r\n        //   'd/M/y': 'D/M/YY',\r\n        //   'dd/M/yy': 'DD/M/YY',\r\n        //   'dd MMM, y': 'DD MMM, YYYY',\r\n        //   'E, d MMMM, y': 'ddd, Do MMMM, YYYY',\r\n        //   'y/M/d': 'YYYY/M/d',\r\n        //   'yy/M/dd': 'YY/M/dd',\r\n        //   'y, MMM dd': 'YYYY, MMM, DD',\r\n        //   'y, dd MMM': 'YYYY, DD MMM'\r\n\r\n        // } // varsion 1.30.1\r\n        let f = {\r\n          'M/d/y': 'M/d/y', //'M/d/yy, h:mm a' (6/15/15, 9:03 AM).\r\n          'M/dd/yy': 'M/dd/y',\r\n          // 'MMM dd, y': 'dd MMM, y', //testing\r\n          'MMM dd, y': 'MMM dd, y',\r\n          'E, MMMM d, y': 'E, MMMM d, y', //equivalent to 'EEEE, MMMM d, y, h:mm:ss a zzzz' (Monday, June 15, 2015 at 9:03:01 AM GMT+01:00).\r\n          'd/M/y': 'd/M/y', //\r\n          'dd/M/yy': 'dd/M/yy',\r\n          'dd MMM, y': 'dd MMM, y',\r\n          'E, d MMMM, y': 'E, d MMMM, y',\r\n          'y/M/d': 'y/M/d',\r\n          'yy/M/dd': 'yy/M/dd',\r\n          'y, MMM dd': 'y, MMM dd',\r\n          'y, dd MMM': 'y, dd MMM'\r\n\r\n        } // varsion 2.0.0alpha-25\r\n        // format_ = this.config.company_date_format.toUpperCase();\r\n        debugger;\r\n        format_ = f[this.extra.user_dateFormat];\r\n        formated = convertNeutralMillisToDate(value);\r\n        // if (time) {\r\n        //   format_ += ', '\r\n        //   format_ += \" \" + this.extra.user_dateFormat;\r\n        // }\r\n        let temp = dateFns.format(formated, format_, {\r\n          useAdditionalDayOfYearTokens: true,\r\n          awareOfUnicodeTokens: true\r\n        });\r\n        if (temp === 'Null' || temp === 'Invalid Date') return '_';\r\n        return temp;\r\n\r\n      case \"unit\":\r\n        fValue = \"unit\";\r\n        break;\r\n      case \"percent\":\r\n        fValue = \"percent\";\r\n        break;\r\n      case \"rate\":\r\n        fValue = \"rate\";\r\n        break;\r\n      case \"quantity\":\r\n        fValue = \"quantity\";\r\n        break;\r\n      case \"amount\":\r\n        fValue = \"amount\";\r\n        break;\r\n      case \"price\":\r\n        fValue = \"price\";\r\n        break;\r\n      default:\r\n        return value;\r\n    }\r\n    // ;\r\n    formated = this.config.numberPipe.transform(value, fValue);\r\n\r\n    if (formated === 'Null' || formated === 'null') {\r\n      debugger;\r\n      return '_'\r\n    }\r\n    return formated;\r\n  }\r\n\r\n  trampoline(func, ...args) {\r\n    var value = func.apply(this, args);\r\n    while (typeof value === \"function\") {\r\n      value = value();\r\n    }\r\n    return value;\r\n  }\r\n\r\n  assembleTemplte() {\r\n    let alignment = this.data.reportLayout.viewState.settingsFormState.header.alignment.toLowerCase();\r\n    let tpl = /* html */ `\r\n     <div class=\"ges-report-header align-${alignment}\">${this.tpl_obj.templateHeader\r\n      }</div>\r\n\r\n      <ul class=\"ges-table ps-container\" >\r\n        <li class=\"ges-table-header sticky\" style=\"width:${this.totalRowWidth\r\n      }rem\">${this.tpl_obj.tableHeder}</li>\r\n        <li class=\"ges-table-body\" style=\"width:${this.totalRowWidth}rem\">${this.tpl_obj.tableBody\r\n      }</li>\r\n      </ul>\r\n\r\n      <div class=\"ges-report-footer align-${alignment}\">${this.tpl_obj.templateFooter\r\n      }</div>\r\n\r\n    `;\r\n    debugger;\r\n    //       let reportContainer = document.getElementsByClassName(\r\n    //         \"ges-main-container\"\r\n    //       );\r\n\r\n    //   reportContainer[0].innerHTML = tpl;\r\n    this.finalTemplate = tpl;\r\n  }\r\n\r\n  processTemplateStrings() {\r\n    // create Header String\r\n    this.tpl_obj.templateHeader = this.transformTemplateHeader();\r\n    this.tpl_obj.tableHeder = this.transformTableHeader();\r\n    if (this.data.data && this.data.data._model) {\r\n      this.tpl_obj.tableBody = this.trampoline(\r\n        this.reducer,\r\n        this.data.data,\r\n        \"ges-node-accordion\"\r\n      );\r\n    } else if (\r\n      this.data.data &&\r\n      this.data.data._items &&\r\n      this.data.data._items.length\r\n    ) {\r\n      //\r\n      this.tpl_obj.tableBody = this.data.data._items\r\n        .map(node => {\r\n          return this.trampoline(\r\n            this.reducer,\r\n            node,\r\n            \"ges-node-accordion\"\r\n          );\r\n        })\r\n        .join(\" \");\r\n    } else {\r\n      console.log(\"no data\");\r\n    }\r\n\r\n    //\r\n    this.tpl_obj.templateFooter = this.transformTemplateFooter();\r\n  }\r\n\r\n  makeLabelFromFormat(node, format) {\r\n    return formatter(node, format);\r\n    function formatter(node, format) {\r\n      var reg = /\\{([^}]+)\\}/g;\r\n      let match;\r\n      while ((match = reg.exec(format)) !== null) {\r\n        format = format.replace(match[0], node[match[1]] || \"\");\r\n        reg.lastIndex = reg.lastIndex - match[0].length;\r\n      }\r\n      //\r\n      if (format) format = format.replace(/\\s\\(\\)$/g, '').trim();\r\n      return format;\r\n    }\r\n  }\r\n\r\n  transformTemplateHeader() {\r\n    return new MakeHeaderFooter().transformTemplateHeader.call(this);\r\n    let header = this.data.reportLayout.viewState.settingsFormState\r\n      .header;\r\n    let company_logo_url;\r\n    let logo_tag = \"\",\r\n      qr_code_tag = \"\",\r\n      c_name_tag = \"\",\r\n      h_note_tag = \"\",\r\n      r_title_tag = \"\",\r\n      r_period_tag = \"\";\r\n    // qr code\r\n    if (header.qrCode) {\r\n      let logo_css_prop = `url('https://api.qrserver.com/v1/create-qr-code/?size=64x64&data=${reportUrl}')`;\r\n      qr_code_tag = /* html */ `\r\n        <div class=\"qr-code\" style=\"background-image: ${logo_css_prop}\"></div>\r\n      `;\r\n    }\r\n    // company logo\r\n    if (header.companyLogo) {\r\n      company_logo_url =\r\n        this.data.reportLayout.viewState.settingsFormState.company_logo ||\r\n        \"{#asset /assets/InnteoLogo.png @encoding=dataURI}\";\r\n      let logo_css_prop = `url( ${company_logo_url} )`;\r\n      logo_tag = `<div class=\"logo\" style=\"background-image: ${logo_css_prop}\"></div>`;\r\n    }\r\n    // company name\r\n    if (header.companyNameChkBox) {\r\n      c_name_tag = `<div class=\"c_name\" ><sapn>${header.companyName}</span></div>`;\r\n    }\r\n    // headerNote\r\n    if (header.headerNote) {\r\n      h_note_tag = `<div class=\"h_note\" ><span>${header.headerNote}</span></div>`;\r\n    }\r\n    // report title\r\n    if (header.reportPeriod) {\r\n      let flt = this.data.reportLayout.viewState.filters.filter(\r\n        el => el.selected\r\n      )[0].values;\r\n      let val;\r\n      if (header.reportPeriod_val in flt) {\r\n        val = flt[header.reportPeriod_val].value;\r\n      }\r\n      if (val && val.length) {\r\n        val = val.map(el =>\r\n                /**dateFns.format(\r\n                  new Date(+el + this.timeZoneCorrection),\r\n                  this.user_dateFormat.toUpperCase()\r\n                ) */ this.formator(+el + this.extra.timeZoneCorrection, 'date')\r\n        );\r\n        r_period_tag = `<div class=\"r_period\" >${val[0]} - ${val[1]\r\n          }</div>`;\r\n      } else {\r\n        r_period_tag = `<div class=\"r_period\" >All</div>`;\r\n      }\r\n    }\r\n    // report title\r\n    if (header.reportTitleChkBox) {\r\n      r_title_tag = `<div class=\"r_title\" ><span>${header.reportTitle}</span></div>`;\r\n    }\r\n\r\n    let tpl = /*html*/ `\r\n          <div class=\"main-heading-col\">\r\n            ${logo_tag}\r\n            ${c_name_tag}\r\n            <div class='r_title_tag'> ${r_title_tag}</div>\r\n            ${h_note_tag}\r\n            ${r_period_tag}\r\n          </div>\r\n          <div class=\"qr-code-col\">\r\n            ${qr_code_tag}\r\n          </div>\r\n    `;\r\n    return tpl;\r\n  }\r\n\r\n  transformTemplateFooter() {\r\n    return new MakeHeaderFooter().transformTemplateFooter.call(this);\r\n    let footer = this.data.reportLayout.viewState.settingsFormState\r\n      .footer;\r\n\r\n    let f_note_tag = \"\",\r\n      f_prepared_by_tag = \"\",\r\n\r\n      f_data_tag = \"\";\r\n\r\n    // footer note\r\n    if (footer.footerNote) {\r\n      f_note_tag = `<div class=\"f_note\" ><span>${footer.footerNote}</span></div>`;\r\n    }\r\n    // footer note\r\n    if (footer.preparedByChkBox && footer.preparedBy) {\r\n      f_prepared_by_tag = `<div class=\"f_preparedby\" ><span> Prepared by ${footer.preparedBy\r\n        }</span></div>`;\r\n    }\r\n\r\n    if (footer.preparationDateChkBox && footer.preparationDate) {\r\n      let f_data = /**\r\n      dateFns.format(\r\n        new Date(+footer.preparationDate + this.timeZoneCorrection),\r\n        this.user_dateFormat.toUpperCase()\r\n      ); */this.formator(+footer.preparationDate + this.extra.timeZoneCorrection, 'date')\r\n      f_data_tag = `<div class=\"f_data\" ><span>${f_data}</span></div>`;\r\n    }\r\n    let tpl = /*html*/ `\r\n            ${f_note_tag}\r\n            ${f_prepared_by_tag}\r\n             ${f_data_tag}\r\n\r\n    `;\r\n    return tpl;\r\n  }\r\n\r\n  transformTableHeader() {\r\n    let colstpl = this.totalColsToDraw\r\n      .map(col => {\r\n        let style =\r\n          col.type === \"NUMBER\" && col.reportFormat === \"AMOUNT\"\r\n            ? \"text-align:right;\"\r\n            : \"\";\r\n        return /* html */ `<div class=\"ges-rep-col basis-${col.width.split(\"rem\")[0]\r\n          } \" style=\"${style}\">${col.label.toUpperCase()}</div>`;\r\n      })\r\n      .join(\"\");\r\n\r\n    let tpl = /* html */ `\r\n      <div class=\"ges-rep-row \">${colstpl}</div>`;\r\n\r\n    return tpl;\r\n  }\r\n\r\n  _getLabelFormat(node, colType) {\r\n    return this.tree.columns\r\n      .filter(col => {\r\n        return col.dataModel === node._model;\r\n      })\r\n      .map(col => {\r\n        if (colType === \"TREE\" && !col.formats) {\r\n          return {\r\n            format: `{${col.column}}`,\r\n            className: \"\"\r\n          };\r\n        } else {\r\n          return col.formats.filter(el => {\r\n            return node[el.map.column] === el.map.value;\r\n          })[0];\r\n        }\r\n      })[0];\r\n  }\r\n\r\n  getGeneralColFormat(node, col) {\r\n    return col.reportFormat;\r\n  }\r\n\r\n  make_tr(node, parent_) {\r\n    let treeformat;\r\n    let val;\r\n    let format;\r\n    let columnsTmp = this.totalColsToDraw\r\n      .map((col, i) => {\r\n        if (col.type === \"TREE\") {\r\n          let mappedCol = this.tree.columns.filter(\r\n            col_ => col_.dataModel === node._model\r\n          )[0];\r\n          let node_val_map = mappedCol.column;\r\n\r\n          format = this._getLabelFormat(node, \"TREE\");\r\n          treeformat = format;\r\n\r\n          if (format) val = this.makeLabelFromFormat(node, format.format);\r\n\r\n          if (node._model === \"TRANSACTION\") {\r\n            val = +val + this.timeZoneCorrection;\r\n            let dateFormat = this.columns\r\n              .filter(el => {\r\n                return el.column === node_val_map;\r\n              })\r\n              .map(el => el.dateFormat)[0];\r\n            switch (dateFormat) {\r\n              case \"DATEONLY\":\r\n                val = /**\r\n                dateFns.format(\r\n                  new Date(val),\r\n                  this.user_dateFormat.toUpperCase()\r\n                ); */  this.formator(+val, 'date')\r\n                break;\r\n              case \"DATETIME\":\r\n                val = /** dateFns.format(\r\n                  new Date(val),\r\n                  this.user_dateFormat + \" \" + this.user_timeFormat\r\n                );*/ this.formator(+val, 'date')\r\n                break;\r\n              case \"TIMEONLY\":\r\n                val = /**\r\n                dateFns.format(new Date(val), this.user_timeFormat); */\r\n                  this.formator(+val, 'date')\r\n            }\r\n          }\r\n\r\n          return /* html */ `<div class=\"rep-col-${i} ges-rep-col basis-${col.width.split(\"rem\")[0]\r\n            } \" style=\"padding-left:${(node.__d__epth - 1) * 10 +\r\n            10 + this.indentCorrection}px\">${val}</div>`;\r\n        } else {\r\n          if (col.column in node) {\r\n            let val_ = node[col.column];\r\n            format = undefined;\r\n            switch (col.type) {\r\n              case \"STRING\":\r\n              case \"LIST\":\r\n                format = col.reportFormat;\r\n                if (format)\r\n                  val_ = this.makeLabelFromFormat(node, format.format);\r\n                else val = val_;\r\n                break;\r\n              case \"NUMBER\":\r\n                format = col.reportFormat;\r\n                if (format) format = format.toLowerCase();\r\n                val = this.numberPipe.transform(val_, format);\r\n                val;\r\n                break;\r\n              case \"DATE\":\r\n                format = col.dateFormat;\r\n                switch (format) {\r\n                  case \"DATEONLY\":\r\n                    val = +val + this.timeZoneCorrection;\r\n                    val = /*dateFns.format(\r\n                      new Date(val),\r\n                      this.user_dateFormat.toUpperCase()\r\n                    );*/ this.formator(new Date(val), 'date');\r\n                    break;\r\n                  case \"DATETIME\":\r\n                    val = /*dateFns.format(\r\n                      new Date(val),\r\n                      this.user_dateFormat + \" \" + this.user_timeFormat\r\n                    );*/  this.formator(new Date(val), 'date');\r\n                    break;\r\n                  case \"TIMEONLY\":\r\n                    val = /**dateFns.format(\r\n                      new Date(val),\r\n                      this.user_timeFormat\r\n                    ); */this.formator(new Date(val), 'date');\r\n                }\r\n                break;\r\n              default:\r\n                break;\r\n            }\r\n            // ;\r\n            return /* html */ `<div class=\"rep-col-${i} ges-rep-col basis-${col.width.split(\"rem\")[0]\r\n              } ${col.type === \"NUMBER\" && format === \"amount\"\r\n                ? \"a-right\"\r\n                : \"\"\r\n              }\">${val ? val : \"\"}</div>`;\r\n          } else {\r\n            return /* html */ `<div class=\"rep-col-${i} ges-rep-col basis-${col.width.split(\"rem\")[0]\r\n              }\"></div>`;\r\n          }\r\n        }\r\n      })\r\n      .join(\" \");\r\n\r\n    let anotherClass;\r\n    switch (node._model) {\r\n      case \"TRANSACTION_BALANCE\":\r\n        anotherClass = \"trans-balance\";\r\n        break;\r\n      case \"TRANSACTION\":\r\n        anotherClass = \"trans\";\r\n        break;\r\n      case \"TRANSACTION_TOTAL\":\r\n        anotherClass = \"trans-total\";\r\n        break;\r\n      default:\r\n        anotherClass = \"\";\r\n        break;\r\n    }\r\n    let tpl = /* html */ `\r\n      <div class=\"ges-rep-row ${anotherClass} ${treeformat.className ? treeformat.className : \"\"\r\n      } \">\r\n          ${columnsTmp}\r\n      </div>`;\r\n    //;\r\n    return tpl;\r\n  }\r\n\r\n  transformTitleRow(node, parent) {\r\n    switch (node._model) {\r\n      case \"TRANSACTION_BALANCE\":\r\n      case \"TRANSACTION\":\r\n      case \"TRANSACTION_TOTAL\":\r\n        return this.make_tr(node, parent);\r\n      case \"GROUP\":\r\n      case \"CHART_OF_ACCOUNT\":\r\n      default:\r\n        return this.make_label(node);\r\n    }\r\n  }\r\n\r\n  make_label(node) {\r\n    let format = this._getLabelFormat(node);\r\n    let val = this.makeLabelFromFormat(node, format.format);\r\n    let accountType = node.accountType === \"ACCOUNT\" ? \"trans-title\" : \"\";\r\n    let tpl = /* html */ `\r\n      <h2 class=\"title header\">\r\n        <div class=\"ges-rep-row \">\r\n          <div class=\"ges-rep-col ${format.className ? format.className : \"\"} ${node._model === \"GROUP\" ? \"group\" : \"\"\r\n      } ${accountType}\">${val}</div>\r\n        </div>\r\n      </h2>\r\n    `;\r\n    return tpl;\r\n  }\r\n\r\n  // breadcrumb(node, format) {\r\n  //   let val = this.makeLabelFromFormat(node, format);\r\n  //   // console.log(val);\r\n  //   return /* html */ `<h2 class=\"title header\">\r\n  //       <div class=\"ges-rep-row\">\r\n  //         <div class=\"ges-rep-col\">${val}</div>\r\n  //       </div>\r\n  //   </h2>`;\r\n  // }\r\n\r\n  reduceTransaction(node) {\r\n    let acc = \"\";\r\n\r\n    if (!node._items) {\r\n      //\r\n      acc = `<div  class=\"ges-rep-row\" ><div class=\"ges-rep-col basis-18\" style=\"padding-left:${(node.__d__epth -\r\n        1) *\r\n        10 +\r\n        10 + this.indentCorrection}px\">Transactions not found</div></div>`;\r\n    } else {\r\n      acc += node._items\r\n        .map(_node => {\r\n          _node.__d__epth = node.__d__epth;\r\n          return this.transformTitleRow(_node, node);\r\n        })\r\n        .join(\" \");\r\n    }\r\n    return /* html */ `\r\n    <div class=\"child ${node.__d__epth}\">\r\n      <ul class=\"ges-child-accordion tr\">\r\n        <li>\r\n          ${this.transformTitleRow(node)}\r\n          <div class=\"child\" style=\"left:${-this.indentCorrection + (node.__d__epth - 1) * -10}px\">\r\n            ${acc}\r\n          </div>\r\n        </li>\r\n      </ul>\r\n      </div>\r\n          `;\r\n  }\r\n\r\n  //     reducer(node, c_name) {\r\n  //       node.__d__epth = node.__d__epth ? node.__d__epth : 0;\r\n  //       // console.log('depth', node.__d__epth)\r\n  //       var make_child_node = el => {\r\n  //         let acc = ``;\r\n  //         acc += /*html*/ `\r\n  //             <div class=\"child\">\r\n  //               ${this.reducer(el, \"ges-child-accordion\")}\r\n  //             </div>\r\n  //             `;\r\n  //         return acc;\r\n  //       };\r\n\r\n  //       // <input type=\"checkbox\" checked /><i></i>\r\n  //       let starter = `\r\n  //   <ul class=\"${c_name}\" style=\"width:${this.totalRowWidth}rem;\">\r\n  //     <li>\r\n  //       <input type=\"checkbox\" ${this.data.reportLayout.expended ? '':'checked'}  /><i></i>\r\n  //       ${this.transformTitleRow(node)}\r\n  //       `;\r\n\r\n  //       let str = node._items.reduce((acc, el) => {\r\n  //         el.__d__epth = node.__d__epth + 1;\r\n  //         switch (el._model) {\r\n  //           case \"CHART_OF_ACCOUNT\":\r\n  //             switch (el.accountType) {\r\n  //               case \"ACCOUNT\":\r\n  //                 // console.log(`depth of account ${el.__d__epth}`)\r\n  //                 acc += this.reduceTransaction(el);\r\n  //                 return acc;\r\n  //               default:\r\n  //                 acc += make_child_node(el);\r\n  //                 return acc;\r\n  //             }\r\n  //             break;\r\n\r\n  //           case \"GROUP\":\r\n  //           default:\r\n  //             acc += make_child_node(el);\r\n  //             return acc;\r\n  //         }\r\n  //       }, starter);\r\n  //       str += `\r\n\r\n  //       </li>\r\n  //   </ul>\r\n\r\n  // `;\r\n\r\n  //       return str;\r\n  //     }\r\n  reduceFlattenTransaction(node) {\r\n    let acc = \"\";\r\n\r\n    if (!node._items) {\r\n      //\r\n      acc = `<div  class=\"ges-rep-row\" ><div class=\"ges-rep-col basis-18\" style=\"padding-left:${(node.__d__epth -\r\n        1) *\r\n        10 +\r\n        10}px\">Transactions not found</div></div>`;\r\n    } else {\r\n      acc += node._items\r\n        .map(_node => {\r\n          _node.__d__epth = node.__d__epth;\r\n          return this.transformTitleRow(_node, node);\r\n        })\r\n        .join(\" \");\r\n    }\r\n    return /* html */ `\r\n      <div class=\"child ${node.__d__epth}\">\r\n        <ul class=\"ges-child-accordion tr\">\r\n          <li>\r\n            \r\n            <div class=\"child\" style=\"left:${(node.__d__epth - 1) * 10}px\">\r\n              ${acc}\r\n            </div>\r\n          </li>\r\n        </ul>\r\n        </div>\r\n            `;\r\n  }\r\n  reducer(node, c_name) {\r\n    node.__d__epth = node.__d__epth ? node.__d__epth : 0;\r\n    // console.log('depth', node.__d__epth)\r\n    var make_child_node = el => {\r\n      let acc = ``;\r\n      acc += /*html*/ `\r\n                  <div class=\"child\">\r\n                    ${this.reducer(el, \"ges-child-accordion\")}\r\n                  </div>\r\n                  `;\r\n      return acc;\r\n    };\r\n    let str = \"\";\r\n\r\n    if (this.configTemplate.key === 'FLATTEN' && !this.isGroup) {\r\n      // debugger\r\n      let starter = `\r\n        <ul class=\"${c_name} flatten\" style=\"width:${this.totalRowWidth}rem;\">\r\n          <li>\r\n            <input type=\"checkbox\" ${this.data.reportLayout.expended ? '' : 'checked'} /><i></i>\r\n            ${this.transformTitleRow(node)}\r\n            `;\r\n      str += starter;\r\n      // debugger\r\n      str += `<div class=\"child\">\r\n                    ${this.reduceFlattenTransaction(node)}\r\n                  </div>`\r\n\r\n    } else {\r\n      let starter = `\r\n        <ul class=\"${c_name}\" style=\"width:${this.totalRowWidth}rem;\">\r\n          <li>\r\n            <input type=\"checkbox\" ${this.data.reportLayout.expended ? '' : 'checked'} /><i></i>\r\n            ${this.transformTitleRow(node)}\r\n            `;\r\n      str = node._items.reduce((acc, el) => {\r\n        el.__d__epth = node.__d__epth + 1;\r\n        switch (el._model) {\r\n          case \"CHART_OF_ACCOUNT\":\r\n            switch (el.accountType) {\r\n              case \"ACCOUNT\":\r\n                // console.log(`depth of account ${el.__d__epth}`)\r\n                acc += this.reduceTransaction(el);\r\n                return acc;\r\n              default:\r\n                acc += make_child_node(el);\r\n                return acc;\r\n            }\r\n            break;\r\n\r\n          case \"GROUP\":\r\n          default:\r\n            acc += make_child_node(el);\r\n            return acc;\r\n        }\r\n      }, starter);\r\n    }\r\n\r\n    str += `\r\n\r\n            </li>\r\n        </ul>\r\n\r\n      `;\r\n\r\n    return str;\r\n  }\r\n}\r\n\r\nlet reportUrl;\r\n\r\n// let layout = req.data;\r\nasync function beforeRender(req, res, done) {\r\n\r\n  // var templator = new GesReportDataTemplator({\r\n  //     aggregate_total: true,\r\n  //     round_to: 2\r\n  // });\r\n\r\n  // templator.init(req.data.nodes)\r\n\r\n  // let htmlTemplator =  new BaseTemplator(templator.processedData, true);\r\n  let layout = req.data\r\n  //   let layout = Object.assign({}, data, layout_);\r\n\r\n  reportUrl=layout.reportLayout.qrData.reportUrl;\r\n\r\n  let id = layout.reportLayout.appInit.item.user.userSettings.timezoneId;\r\n  let userTimeZone = layout.reportLayout.appInit.item.timeZone.filter(\r\n    d => d.timezoneId === id\r\n  )[0];\r\n  let timeZoneCorrection =\r\n    new Date().getTimezoneOffset() * 60 * 1000 +\r\n    userTimeZone.rawOffset * 1000;\r\n  let user_dateFormat =\r\n    layout.reportLayout.appInit.item.user.userSettings.dateFormat;\r\n  let user_timeFormat =\r\n    layout.reportLayout.appInit.item.user.userSettings.timeFormat;\r\n\r\n  // let data = Object.assign({}, data, layout);\r\n  let numberPipe = new NumberPipe(layout.reportLayout);\r\n  let tpl = new GenReport(layout, {\r\n    numberPipe,\r\n    userTimeZone,\r\n    user_dateFormat,\r\n    timeZoneCorrection\r\n  });\r\n  req.data.pdf = tpl.pdf;\r\n  req.data.size = tpl.size;\r\n  req.data.totalRowWidth = tpl.totalRowWidth\r\n  req.data.cssFileName = `general_ledger.css`,\r\n    req.data.cssSettings = tpl.pdf ? ` .ges-main-container > ul.ges-table {\r\n                      height: ${tpl.size.height}px;\r\n                       width:${tpl.size.width}px;\r\n                       overflow: unset;\r\n   \r\n                }\r\n                .ges-main-container p,\r\n                .ges-main-container div.child {\r\n                    max-height:unset;\r\n                }\r\n                .ges-main-container {\r\n                    -webkit-box-shadow: unset !important;\r\n                     box-shadow: unset !important; }` :\r\n\r\n      `\t.ges-main-container > ul.ges-table {\t\r\n                  /*position: relative;\t\t  position: relative;*/\r\n                  /*padding-left: 0;\t\t  padding-left: 0;*/\r\n                    height: calc(100% - 430px);\r\n                    height: calc(100vh - 430px);\r\n                  width: inherit;\t\t\r\n                }`\r\n    ;\r\n  req.data.template = tpl.finalTemplate;\r\n\r\n\r\n  /**\r\n   *   {#asset /assets/{{{cssFileName}}} @encoding=utf8}\r\n             {{{cssSettings}}}\r\n   */\r\n\r\n  //   req.data.template = req.data;\r\n  // // https://www.convertplug.com/plus/docs/download-pdf-file-forcefully-instead-opening-browser-using-js/\r\n  done()\r\n}"}