{"shortid":"H1eKMjpQa4","name":"profit_and_loss.js","creationDate":"2021-01-28T12:08:37.573Z","modificationDate":"2021-01-28T12:08:37.573Z","_id":"fYDdo4evtKttN7u7","folder":{"shortid":"o8Oz9Dk"},"content":"const Decimal = require('decimal.js-light');\r\nconst dateFns = require('date-fns');\r\n\r\nfunction userTzOffset() {\r\n  return userTimeZoneObj.rawOffset * 1000;\r\n}\r\n\r\nfunction convertNeutralMillisToDate(neutralMillis) {\r\n  // return new Date(neutralMillis + (new Date()).getTimezoneOffset() * 60000);\r\n  let x = neutralMillis + (new Date().getTimezoneOffset() * 60 * 1000) + userTzOffset();\r\n  return new Date(x);\r\n}\r\n\r\nclass NumberPipe {\r\n  constructor(reportLayout) {\r\n    this.reportLayout = reportLayout;\r\n    this.appInit = this.reportLayout.appInit.item;\r\n\r\n    this.defaultMsNumberFormatting = {\r\n      currencySymbol: \"\",\r\n      currencyCode: \"\",\r\n      currencyFormat: \"\",\r\n      thousandSeparator: \"\",\r\n      amountDecimalPlaces: \"\",\r\n      priceDecimalPlaces: \"\",\r\n      quantityDecimalPlaces: \"\",\r\n      rateDecimalPlaces: \"\",\r\n      percentDecimalPlaces: \"\",\r\n      unitDecimalPlaces: \"\",\r\n      currencyCreditFormat: \"\"\r\n    };\r\n    this.defaultCurrencySymbol = \"\";\r\n    this.defaultCurrencyCode = \"\";\r\n    this.defaultCurrencyFormat = \"\";\r\n    this.defaultMsNumberFormatting = this.getMsNumberFormatting();\r\n    if (this.defaultMsNumberFormatting) {\r\n      this.defaultCurrencySymbol = this.defaultMsNumberFormatting.currencySymbol;\r\n      this.defaultCurrencyCode = this.defaultMsNumberFormatting.currencyCode;\r\n      this.defaultCurrencyFormat = this.defaultMsNumberFormatting.currencyFormat;\r\n      this.defaultCurrencySeparator = this.defaultMsNumberFormatting.thousandSeparator;\r\n      this.amountDecimalPlaces = this.defaultMsNumberFormatting.amountDecimalPlaces;\r\n      this.priceDecimalPlaces = this.defaultMsNumberFormatting.priceDecimalPlaces;\r\n      this.quantityDecimalPlaces = this.defaultMsNumberFormatting.quantityDecimalPlaces;\r\n      this.rateDecimalPlaces = this.defaultMsNumberFormatting.rateDecimalPlaces;\r\n      this.percentDecimalPlaces = this.defaultMsNumberFormatting.percentDecimalPlaces;\r\n      this.unitDecimalPlaces = this.defaultMsNumberFormatting.unitDecimalPlaces;\r\n      this.currencyCreditFormat = this.defaultMsNumberFormatting.currencyCreditFormat;\r\n    }\r\n\r\n    //     amountDecimalPlaces: 2\r\n    // currencyFormat: null\r\n    // displayDensity: \"NORMAL\"\r\n    // percentDecimalPlaces: 1\r\n    // priceDecimalPlaces: 1\r\n    // quantityDecimalPlaces: 1\r\n    // rateDecimalPlaces: 1\r\n    // unitDecimalPlaces: 1\r\n\r\n    // this.currencyCreditFormat = '(#)';\r\n    // this.useNegativeSignWithCredit = this.defaultMsNumberFormatting.useNegativeSignWithCredit;\r\n  }\r\n\r\n  addSeparator(amount) {\r\n    if (amount) {\r\n      if (this.currencyCreditFormat === \"NONE\") {\r\n        return amount;\r\n      } else {\r\n        var parts = amount.toString().split(\".\");\r\n        parts[0] = parts[0].replace(\r\n          /\\B(?=(\\d{3})+(?!\\d))/g,\r\n          this.defaultCurrencySeparator\r\n        );\r\n        return parts.join(\".\");\r\n      }\r\n    }\r\n\r\n    return amount.toString();\r\n  }\r\n\r\n  applynegativeformatting(value) {\r\n    switch (this.currencyCreditFormat) {\r\n      case \"-#\":\r\n        if (value.includes(\"-\")) return `${value}`;\r\n        else return `-${value}`;\r\n      case \"RED(#)\":\r\n        if (value.includes(\"-\")) value = value.replace(/-/g, \"\");\r\n        value = `(${value})`;\r\n        this.isRed = true;\r\n        return value;\r\n      case \"(#)\":\r\n        if (value.includes(\"-\")) value = value.replace(/-/g, \"\");\r\n        return `(${value})`;\r\n      case \"RED-#\":\r\n        this.isRed = true;\r\n        if (value.includes(\"-\")) return `${value}`;\r\n        return `-${value}`;\r\n      case \"NONE\":\r\n        return `${value}`;\r\n    }\r\n  }\r\n\r\n  styleValue(value) {\r\n    if (this.isRed) value = `<span style='color: red'>${value}</span>`;\r\n    return value;\r\n    // return this.sanitizer.bypassSecurityTrustHtml(value)\r\n  }\r\n  getCurrencySymbolByCurrecnyCode(C_code) {\r\n    let companyCurrenciesListArray = this.appInit.companyCurrencyList;\r\n    // this.data(\"companyCurrencyList\").subscribe(data => {\r\n    //   companyCurrenciesListArray = data;\r\n    // });\r\n    return companyCurrenciesListArray &&\r\n      companyCurrenciesListArray.find(v => v.currencyCode == C_code) !=\r\n      null\r\n      ? companyCurrenciesListArray.find(v => v.currencyCode == C_code)\r\n        .currencySymbol\r\n      : null;\r\n  }\r\n  getThousandFormatter(sprtr) {\r\n    switch (sprtr) {\r\n      case \"COMMA\":\r\n        return \",\";\r\n      case \"SPACE\":\r\n        return \" \";\r\n      case \"NONE\":\r\n        return \"\";\r\n    }\r\n  }\r\n  getMsNumberFormatting() {\r\n    // this.data(\"company\").subscribe(v => {\r\n\r\n    let settingsFrom = this.reportLayout.viewState.settingsFormState;\r\n    this.numberFormating = this.appInit.company.companyAccountSettings;\r\n    // });\r\n    // this.data(\"companyCurrencyList\").subscribe(v => {\r\n    //   this.compCurrencyList = v;\r\n    // });\r\n    this.compCurrencyList = this.appInit.companyCurrencyList;\r\n    if (this.compCurrencyList && this.compCurrencyList.length > 0) {\r\n      this.currencyCodeObj = this.compCurrencyList.filter(\r\n        v => v.isLocal == true\r\n      );\r\n    }\r\n    if (this.numberFormating)\r\n      return {\r\n        currencySymbol: this.numberFormating\r\n          ? this.numberFormating[\"currencySymbol\"]\r\n          : null,\r\n        currencyCode:\r\n          this.currencyCodeObj.length > 0\r\n            ? this.currencyCodeObj[0].currencyCode\r\n            : null,\r\n        currencyFormat:\r\n          settingsFrom.formatting[\"currencyFormat\"] ||\r\n          this.numberFormating[\"currencyFormat\"],\r\n        thousandSeparator: this.getThousandFormatter(\r\n          settingsFrom.formatting[\"thousandSeparator\"] ||\r\n          this.numberFormating[\"thousandSeparator\"]\r\n        ),\r\n        amountDecimalPlaces:\r\n          settingsFrom.formatting[\"amountDecimalPlaces\"] ||\r\n          this.numberFormating[\"amountDecimalPlaces\"],\r\n        priceDecimalPlaces:\r\n          settingsFrom.formatting[\"priceDecimalPlaces\"] ||\r\n          this.numberFormating[\"priceDecimalPlaces\"],\r\n        quantityDecimalPlaces:\r\n          settingsFrom.formatting[\"quantityDecimalPlaces\"] ||\r\n          this.numberFormating[\"quantityDecimalPlaces\"],\r\n        rateDecimalPlaces:\r\n          settingsFrom.formatting[\"rateDecimalPlaces\"] ||\r\n          this.numberFormating[\"rateDecimalPlaces\"],\r\n        percentDecimalPlaces:\r\n          settingsFrom.formatting[\"percentDecimalPlaces\"] ||\r\n          this.numberFormating[\"percentDecimalPlaces\"],\r\n        unitDecimalPlaces:\r\n          settingsFrom.formatting[\"unitDecimalPlaces\"] ||\r\n          this.numberFormating[\"unitDecimalPlaces\"],\r\n        currencyCreditFormat:\r\n          settingsFrom.formatting[\"currencyCreditFormat\"] ||\r\n          this.numberFormating[\"currencyCreditFormat\"]\r\n        // 'useNegativeSignWithCredit': this.numberFormating['useNegativeSignWithCredit'],\r\n      };\r\n    else\r\n      return {\r\n        currencySymbol: null,\r\n        currencyCode: null,\r\n        currencyFormat: null,\r\n        thousandSeparator: null,\r\n        amountDecimalPlaces: null,\r\n        priceDecimalPlaces: null,\r\n        quantityDecimalPlaces: null,\r\n        rateDecimalPlaces: null,\r\n        percentDecimalPlaces: null,\r\n        unitDecimalPlaces: null,\r\n        currencyCreditFormat: null\r\n      };\r\n  }\r\n  transform(\r\n    value,\r\n    args,\r\n    uom,\r\n    currencyFormatToOverride,\r\n    currencyToOverride\r\n  ) {\r\n    if (currencyFormatToOverride)\r\n      this.defaultCurrencyFormat = currencyFormatToOverride;\r\n    else\r\n      this.defaultCurrencyFormat = this.defaultMsNumberFormatting\r\n        ? this.defaultMsNumberFormatting.currencyFormat\r\n        : null;\r\n    switch (args) {\r\n      case \"amount\":\r\n        this.decimalPlaces = this.amountDecimalPlaces;\r\n        break;\r\n      case \"price\":\r\n        this.decimalPlaces = this.priceDecimalPlaces;\r\n        break;\r\n      case \"quantity\":\r\n        this.decimalPlaces = this.quantityDecimalPlaces;\r\n        break;\r\n      case \"rate\":\r\n        this.decimalPlaces = this.rateDecimalPlaces;\r\n        break;\r\n      case \"percent\":\r\n        this.decimalPlaces = this.percentDecimalPlaces;\r\n        break;\r\n      case \"unit\":\r\n        this.decimalPlaces = this.unitDecimalPlaces;\r\n        break;\r\n      default:\r\n        this.decimalPlaces = 2;\r\n        break;\r\n    }\r\n\r\n    // if ((value - Math.floor(value)) != 0) {\r\n    if (args !== \"quantity\" || args !== \"percent\") {\r\n      if (value) {\r\n        const valX = new Decimal(value);\r\n        value = valX.toFixed(this.decimalPlaces, Decimal.ROUND_DOWN);\r\n        // value = valX.toFixed(this.decimalPlaces);\r\n        // value = (+value).toFixed(this.decimalPlaces);\r\n      }\r\n    }\r\n    // }\r\n    if (value == null || value == undefined) return '';\r\n    if (args !== \"quantity\" || args !== \"percent\") {\r\n      value = this.addSeparator(value);\r\n    }\r\n\r\n\r\n    if (parseInt(value) < 0) value = this.applynegativeformatting(value);\r\n\r\n    // if (Flag && this.useNegativeSignWithCredit) {\r\n    //   if (value.includes(\"-\")) { }\r\n    //   else value = `-${value}`; value = this.applynegativeformatting(value);\r\n    // }\r\n\r\n    if (currencyToOverride) {\r\n      this.defaultCurrencyCode = currencyToOverride;\r\n      this.defaultCurrencySymbol = this.getCurrencySymbolByCurrecnyCode(\r\n        currencyToOverride\r\n      );\r\n    }\r\n\r\n    if (args === \"quantity\" || args === \"percent\") {\r\n      switch (args) {\r\n        case \"quantity\":\r\n          return this.styleValue(`${value}${uom || \"\"}`);\r\n        case \"percent\":\r\n          return this.styleValue(`${value}%`);\r\n      }\r\n    } else {\r\n      let formattedVal;\r\n      let valuetoEmbed;\r\n      switch (this.defaultCurrencyFormat) {\r\n        // case 'COD ####.##':\r\n        case \"USD#\":\r\n          if (value.includes(\"(\") && value.includes(\")\"))\r\n            formattedVal = `(${this.defaultCurrencyCode} ${value.slice(\r\n              1,\r\n              -1\r\n            )})`;\r\n          else formattedVal = `${this.defaultCurrencyCode} ${value}`;\r\n          break;\r\n        // case 'S####.##':\r\n        case \"$#\":\r\n          valuetoEmbed = this.defaultCurrencySymbol\r\n            ? `${this.defaultCurrencySymbol}`\r\n            : \"\";\r\n          if (value.includes(\"(\") && value.includes(\")\"))\r\n            formattedVal = `(${valuetoEmbed}${value.slice(1, -1)})`;\r\n          else formattedVal = `${valuetoEmbed}${value}`;\r\n          break;\r\n        // case 'COD(S) ####.##':\r\n        case \"USD($)#\":\r\n          valuetoEmbed = this.defaultCurrencySymbol\r\n            ? `(${this.defaultCurrencySymbol})`\r\n            : \"\";\r\n          if (value.includes(\"(\") && value.includes(\")\"))\r\n            formattedVal = `(${this.defaultCurrencyCode\r\n              }${valuetoEmbed} ${value.slice(1, -1)})`;\r\n          else\r\n            formattedVal = `${this.defaultCurrencyCode\r\n              }${valuetoEmbed} ${value}`;\r\n          break;\r\n        // case '####.## COD':\r\n        case \"#USD\":\r\n          if (value.includes(\"(\") && value.includes(\")\"))\r\n            formattedVal = `(${value.slice(1, -1)} ${this.defaultCurrencyCode\r\n              })`;\r\n          else formattedVal = `${value} ${this.defaultCurrencyCode}`;\r\n          break;\r\n        // case '####.## S':\r\n        case \"#$\":\r\n          valuetoEmbed = this.defaultCurrencySymbol\r\n            ? `${this.defaultCurrencySymbol}`\r\n            : \"\";\r\n          if (value.includes(\"(\") && value.includes(\")\"))\r\n            formattedVal = `(${value.slice(1, -1)} ${valuetoEmbed})`;\r\n          else formattedVal = `${value} ${valuetoEmbed}`;\r\n          break;\r\n        // case '####.## COD(S)':\r\n        case \"#USD($)\":\r\n          valuetoEmbed = this.defaultCurrencySymbol\r\n            ? `(${this.defaultCurrencySymbol})`\r\n            : \"\";\r\n          if (value.includes(\"(\") && value.includes(\")\"))\r\n            formattedVal = `(${value.slice(1, -1)} ${this.defaultCurrencyCode\r\n              }${valuetoEmbed})`;\r\n          else\r\n            formattedVal = `${value} ${this.defaultCurrencyCode\r\n              }${valuetoEmbed}`;\r\n          break;\r\n      }\r\n      //\r\n      let val = this.styleValue(formattedVal);\r\n      this.isRed = false;\r\n      return val;\r\n    }\r\n  }\r\n}\r\nclass MakeHeaderFooter {\r\n  transformTemplateHeader() {\r\n    let header = this.data.reportLayout.viewState.settingsFormState.header;\r\n    let company_logo_url;\r\n    let logo_tag = \"\",\r\n      qr_code_tag = \"\",\r\n      c_name_tag = \"\",\r\n      h_note_tag = \"\",\r\n      r_title_tag = \"\",\r\n      r_period_tag = \"\";\r\n    // qr code\r\n    if (header.qrCode) {\r\n      let logo_css_prop = `url('https://api.qrserver.com/v1/create-qr-code/?size=64x64&data=${reportUrl}')`;\r\n      qr_code_tag = /* html */ `\r\n            <div class=\"qr-code\" style=\"background-image: ${logo_css_prop}\"></div>\r\n          `;\r\n    }\r\n    // company logo\r\n    if (this.data.reportLayout.viewState.settingsFormState.company_logo) {\r\n      company_logo_url = this.data.reportLayout.viewState.settingsFormState.company_logo;\r\n    } else {\r\n      company_logo_url = this.data.reportLayout.appInit.item.company.industryId == 2 ? \"{#asset /assets/InnteoLogo.png @encoding=dataURI}\" : \"{#asset /assets/acounteLogo.png @encoding=dataURI}\"\r\n    }\r\n\r\n    if (header.companyLogo) {\r\n      let logo_css_prop = `url( ${company_logo_url} )`;\r\n      logo_tag = `<div class=\"logo\" style=\"background-image: ${logo_css_prop}\"></div>`;\r\n    }\r\n    // company name\r\n    if (header.companyNameChkBox) {\r\n      c_name_tag = `<div class=\"c_name\" ><span>${header.companyName}</span></div>`;\r\n    }\r\n    // headerNote\r\n    if (header.headerNote) {\r\n      h_note_tag = `<div class=\"h_note\" ><span>${header.headerNote}</span></div>`;\r\n    }\r\n    // report title\r\n\r\n    if (header.reportPeriod) {\r\n      let flt = this.data.reportLayout.selectedFilters;\r\n      let val;\r\n      if (header.reportPeriod_val in flt) {\r\n        val = flt[header.reportPeriod_val].value;\r\n      }\r\n      if (val && Array.isArray(val) && val.length) {\r\n        val = val.map(el => {\r\n          return this.formator(+el, 'date');\r\n        });\r\n        r_period_tag = `<div class=\"r_period\" >${val[0]} - ${val[1]}</div>`;\r\n      } else {\r\n        r_period_tag = `<div class=\"r_period\" >All</div>`;\r\n      }\r\n    }\r\n    // report title\r\n    if (header.reportTitleChkBox) {\r\n      r_title_tag = `<div class=\"r_title\" ><span>${header.reportTitle}</span></div>`;\r\n    }\r\n\r\n    let tpl = /*html*/ `\r\n              <div class=\"main-heading-col\">\r\n                ${logo_tag}\r\n                ${c_name_tag}\r\n                <div class='r_title_tag'> ${r_title_tag}</div>\r\n                ${h_note_tag}\r\n                ${r_period_tag}\r\n              </div>\r\n              <div class=\"qr-code-col\">\r\n                ${qr_code_tag}\r\n              </div>\r\n        `;\r\n    return tpl;\r\n  }\r\n  transformTemplateFooter() {\r\n    let footer = this.data.reportLayout.viewState.settingsFormState.footer;\r\n\r\n    let f_note_tag = \"\",\r\n      f_prepared_by_tag = \"\",\r\n      f_data = \"\";\r\n\r\n    // footer note\r\n    if (footer.footerNote) {\r\n      f_note_tag = `<div class=\"f_note\" ><span>${footer.footerNote}</span></div>`;\r\n    }\r\n    // footer note\r\n    if (footer.preparedByChkBox && footer.preparedBy) {\r\n      f_prepared_by_tag = `<div class=\"f_note\" ><span>${footer.preparedBy}</span></div>`;\r\n    }\r\n\r\n    if (footer.preparationDateChkBox && footer.preparationDate) {\r\n      f_data = this.formator(+footer.preparationDate + this.timeZoneCorrection, 'date');\r\n      f_prepared_by_tag = `<div class=\"f_note\" ><span>${f_data}</span></div>`;\r\n    }\r\n    let tpl = /*html*/ `\r\n                ${f_note_tag}\r\n                ${f_prepared_by_tag}\r\n  \r\n        `;\r\n    return tpl;\r\n  }\r\n}\r\n\r\nclass GenReport2 {\r\n  constructor(data, extra) {\r\n    this.extra = extra;\r\n    this.isRed = false;\r\n    for (let temp in extra) {\r\n      this[temp] = extra[temp];\r\n    }\r\n    this.repCols = {};\r\n    this.tpl_obj = {\r\n      tableHeder: \"\",\r\n      tableBody: \"\",\r\n      templateHeader: \"\",\r\n      templateFooter: \"\"\r\n    }; //\r\n    this.group = data.reportLayout.viewState.groups.filter(\r\n      el => el.selected\r\n    )[0] /* .key */;\r\n    this.company = data.reportLayout.appInit.item.company;\r\n\r\n    this.columns = data.reportLayout.viewState.columns;\r\n    this.data = data;\r\n\r\n    this.tree = this.columns.filter(col => {\r\n      return col.type === \"TREE\";\r\n    })[0];\r\n    this.configTemplate = data.reportLayout.viewState.settings.template.filter(\r\n      el => el.selected\r\n    )[0];\r\n\r\n    let selectedFilters = data.reportLayout.viewState.filters.filter(\r\n      el => el.selected\r\n    )[0];\r\n    this.isComparison = \"comparisonPeriod\" in selectedFilters.values;\r\n    // debugger\r\n\r\n    this.gropColWidth = 15; // rem\r\n    this.firstColRemWidth = 45; // rem\r\n    this.totalRowWidth =\r\n      (this.data.data[\"groupLabels\"].length *\r\n        12 *\r\n        (this.isComparison ? this.gropColWidth * 3 : this.gropColWidth)) /\r\n      16; // rem\r\n    this.totalColsToDraw = [\r\n      { label: \"\" }, // injecting manually as first\r\n      ...this.data.data[\"groupLabels\"]\r\n    ];\r\n    // debugger;\r\n    this.hasOneColOnly = this.totalColsToDraw.length === 2;\r\n    this.isFlatten = this.configTemplate.key === \"FLATTEN\";\r\n    console.log(this.totalRowWidth);\r\n    // this.groupLabels = this.data.data.groupLabels.map(el =>{\r\n    //   el._groupLabels.reduce((acc, el, i)=>{\r\n\r\n    //     acc[i]= el;\r\n    //     return acc\r\n    // }, {})\r\n    // })\r\n\r\n    // debugger\r\n    this.pdf = data.reportLayout.pdf;\r\n    this.size = data.reportLayout.size;\r\n    this.processTemplateStrings();\r\n    this.assembleTemplte();\r\n  }\r\n  formator(value, format, time = false) {\r\n    let format_;\r\n    let formated;\r\n    let fValue;\r\n    switch (format) {\r\n      case \"date\":\r\n        // debugger\r\n        //https://date-fns.org/v2.0.0-alpha.25/docs/format MMM D, YYYY\r\n        // let f = {\r\n        //   'M/d/y': 'M/D/YY', //'M/d/yy, h:mm a' (6/15/15, 9:03 AM).\r\n        //   'M/dd/yy': 'M/DD/YY',\r\n        //   'MMM dd, y': 'MMM DD, YYYY',\r\n        //   // 'MMM dd, y':'YYYY, DD MMM',///////\r\n        //   'E, MMMM d, y': 'dddd, MMMM, DD, YYYY', //equivalent to 'EEEE, MMMM d, y, h:mm:ss a zzzz' (Monday, June 15, 2015 at 9:03:01 AM GMT+01:00).\r\n        //   'd/M/y': 'D/M/YY',\r\n        //   'dd/M/yy': 'DD/M/YY',\r\n        //   'dd MMM, y': 'DD MMM, YYYY',\r\n        //   'E, d MMMM, y': 'ddd, Do MMMM, YYYY',\r\n        //   'y/M/d': 'YYYY/M/d',\r\n        //   'yy/M/dd': 'YY/M/dd',\r\n        //   'y, MMM dd': 'YYYY, MMM, DD',\r\n        //   'y, dd MMM': 'YYYY, DD MMM'\r\n\r\n        // } // varsion 1.30.1\r\n        let f = {\r\n          'M/d/y': 'M/d/y', //'M/d/yy, h:mm a' (6/15/15, 9:03 AM).\r\n          'M/dd/yy': 'M/dd/y',\r\n          // 'MMM dd, y': 'dd MMM, y', //testing\r\n          'MMM dd, y': 'MMM dd, y',\r\n          'E, MMMM d, y': 'E, MMMM d, y', //equivalent to 'EEEE, MMMM d, y, h:mm:ss a zzzz' (Monday, June 15, 2015 at 9:03:01 AM GMT+01:00).\r\n          'd/M/y': 'd/M/y', //\r\n          'dd/M/yy': 'dd/M/yy',\r\n          'dd MMM, y': 'dd MMM, y',\r\n          'E, d MMMM, y': 'E, d MMMM, y',\r\n          'y/M/d': 'y/M/d',\r\n          'yy/M/dd': 'yy/M/dd',\r\n          'y, MMM dd': 'y, MMM dd',\r\n          'y, dd MMM': 'y, dd MMM'\r\n\r\n        } // varsion 2.0.0alpha-25\r\n        // format_ = this.config.company_date_format.toUpperCase();\r\n        debugger;\r\n        format_ = f[this.extra.user_dateFormat];\r\n        formated = convertNeutralMillisToDate(value);\r\n        // if (time) {\r\n        //   format_ += ', '\r\n        //   format_ += \" \" + this.extra.user_dateFormat;\r\n        // }\r\n        let temp = dateFns.format(formated, format_, {\r\n          useAdditionalDayOfYearTokens: true,\r\n          awareOfUnicodeTokens: true\r\n        });\r\n        if (temp === 'Null' || temp === 'Invalid Date') return '_';\r\n        return temp;\r\n\r\n      case \"unit\":\r\n        fValue = \"unit\";\r\n        break;\r\n      case \"percent\":\r\n        fValue = \"percent\";\r\n        break;\r\n      case \"rate\":\r\n        fValue = \"rate\";\r\n        break;\r\n      case \"quantity\":\r\n        fValue = \"quantity\";\r\n        break;\r\n      case \"amount\":\r\n        fValue = \"amount\";\r\n        break;\r\n      case \"price\":\r\n        fValue = \"price\";\r\n        break;\r\n      default:\r\n        return value;\r\n    }\r\n    // ;\r\n    formated = this.config.numberPipe.transform(value, fValue);\r\n\r\n    if (formated === 'Null' || formated === 'null') {\r\n      debugger;\r\n      return '_'\r\n    }\r\n    return formated;\r\n  }\r\n  assembleTemplte() {\r\n    let alignment = this.data.reportLayout.viewState.settingsFormState.header.alignment.toLowerCase();\r\n\r\n    let tpl = /* html */ `\r\n          <div class=\"ges-report-header align-${alignment}\">\r\n              ${this.tpl_obj.templateHeader}\r\n          </div>\r\n  \r\n          <ul class=\"ges-table ps-container ${this.hasOneColOnly ? \"is-uni-col\" : \"\"\r\n      } ${this.isFlatten ? \"flatten\" : \"\"} ${this.isComparison ? \"is-comparison\" : \"\"\r\n      }\" >\r\n            <li class=\"ges-table-header sticky\" style=\"width:${this.totalRowWidth\r\n      }rem;\">${this.tpl_obj.tableHeder}</li>\r\n            <li class=\"ges-table-body ${this.isFlatten ? \"flatten\" : \"\"\r\n      }\" style=\"width:${this.totalRowWidth}rem\">${this.tpl_obj.tableBody\r\n      }</li>\r\n          </ul>\r\n  \r\n          <div class=\"ges-report-footer align-${alignment}\">${this.tpl_obj.templateFooter\r\n      }</div>\r\n  \r\n        `;\r\n    this.finalTemplate = tpl;\r\n    let reportContainer;\r\n    try {\r\n      reportContainer =\r\n        document && document.getElementsByClassName(\"ges-main-container\");\r\n      if (reportContainer) {\r\n        reportContainer[0].innerHTML = tpl;\r\n      }\r\n    } catch (e) {\r\n      console.log(e);\r\n    }\r\n  }\r\n\r\n  trampoline(func, ...args) {\r\n    var value = func.apply(this, args);\r\n    while (typeof value === \"function\") {\r\n      value = value();\r\n    }\r\n    return value;\r\n  }\r\n\r\n  processTemplateStrings() {\r\n    // debugger;\r\n    this.tpl_obj.templateHeader = this.transformTemplateHeader();\r\n    this.tpl_obj.tableHeder = this.transformTableHeader();\r\n\r\n    // let _assetItemsStr = this.doProcessing(\r\n    //   this.data.data[\"_assetItems\"],\r\n    //   \"ASSET\"\r\n    // );\r\n\r\n    let dataToProcess = [\r\n      ...this.data.data[\"_grossProfitItems\"],\r\n      ...this.data.data[\"_netProfitItems\"]\r\n    ]; // profit loss\r\n\r\n    // let dataToProcess = [ ...this.data.data[\"_assetItems\"], ...this.data.data[\"_liabilitiesEquityItems\"]]\r\n\r\n    // let _liabilitiesEquityItemsStr = ''\r\n    // debugger;\r\n    this.tpl_obj.tableBody = dataToProcess\r\n      .map(node => {\r\n        // if (node.label == \"GROSS PROFIT\") debugger;\r\n        // if (node.label == \"OPERATING PROFIT\") debugger;\r\n        if (node._model === \"ADDED_HEADER\") {\r\n          return this.makeFlatLabelRow(node.value);\r\n        }\r\n        // debugger\r\n        if (this.configTemplate.key !== \"FLATTEN\") {\r\n          if (node._model === \"SECTION_TOTAL\") {\r\n            node._groups.unshift({ value: `${node.label}` });\r\n            // debugger;\r\n            return this.TotalRow(node, \"section-total\", node.label);\r\n          }\r\n        }\r\n\r\n        return this.trampoline(this.reducer, node, \"ges-node-accordion\");\r\n      })\r\n      .join(\" \");\r\n    this.tpl_obj.templateFooter = this.transformTemplateFooter();\r\n  }\r\n  makeFlatLabelRow(label) {\r\n    // debugger;\r\n    return `<h2 class=\"title header\">\r\n        <div class=\"ges-rep-row \">\r\n          <div class=\"ges-rep-col\">${label}</div>\r\n          </div></h2> `;\r\n  }\r\n\r\n  // doProcessing(data, label) {\r\n  //   let str = this.makeFlatLabelRow(label);\r\n  //   // return str;\r\n\r\n  //   let n = data.map(node => {\r\n\r\n  //     switch (node._model) {\r\n  //       case \"CHART_OF_ACCOUNT\":\r\n  //         // return \"\"; // testing\r\n  //         return this.trampoline(this.reducer, node, \"ges-node-accordion\");\r\n  //       case \"SECTION_TOTAL\":\r\n  //         ;\r\n  //         console.log(node, label);\r\n  //         node._groups.unshift({ value: node.label });\r\n  //         return this.TotalRow(node, \"section-total\");\r\n\r\n  //         ;\r\n  //       default:\r\n  //         return \"\";\r\n  //     }\r\n  //   }).join(\" \");\r\n  //   ;\r\n  //   return str += n;\r\n  // }\r\n  makeLabelFromFormat(node, format) {\r\n    return formatter(node, format);\r\n    function formatter(node, format) {\r\n      var reg = /\\{([^}]+)\\}/g;\r\n      let match;\r\n      while ((match = reg.exec(format)) !== null) {\r\n        format = format.replace(match[0], node[match[1]] || \"\");\r\n        reg.lastIndex = reg.lastIndex - match[0].length;\r\n      }\r\n      //\r\n      if (format) format = format.replace(/\\s\\(\\)$/g, \"\").trim();\r\n      return format;\r\n    }\r\n  }\r\n\r\n  transformTemplateHeader() {\r\n    return new MakeHeaderFooter().transformTemplateHeader.call(this);\r\n    let header = this.data.reportLayout.viewState.settingsFormState.header;\r\n    let company_logo_url;\r\n    let logo_tag = \"\",\r\n      qr_code_tag = \"\",\r\n      c_name_tag = \"\",\r\n      h_note_tag = \"\",\r\n      r_title_tag = \"\",\r\n      r_period_tag = \"\";\r\n    // qr code\r\n    if (header.qrCode) {\r\n      let logo_css_prop = `url('https://api.qrserver.com/v1/create-qr-code/?size=64x64&data=${reportUrl}')`;\r\n      qr_code_tag = /* html */ `\r\n            <div class=\"qr-code\" style=\"background-image: ${logo_css_prop}\"></div>\r\n          `;\r\n    }\r\n    // company logo\r\n    if (header.companyLogo) {\r\n      company_logo_url =\r\n        this.data.reportLayout.viewState.settingsFormState.company_logo ||\r\n        \"{#asset /assets/InnteoLogo.png @encoding=dataURI}\";\r\n\r\n      let logo_css_prop = `url( ${company_logo_url} )`;\r\n      logo_tag = `<div class=\"logo\" style=\"background-image: ${logo_css_prop}\"></div>`;\r\n    }\r\n    // company name\r\n    if (header.companyNameChkBox) {\r\n      c_name_tag = `<div class=\"c_name\" >${header.companyName}</div>`;\r\n    }\r\n    // headerNote\r\n    if (header.headerNote) {\r\n      h_note_tag = `<div class=\"h_note\" >${header.headerNote}</div>`;\r\n    }\r\n    // report title\r\n\r\n    if (header.reportPeriod) {\r\n      let flt = this.data.reportLayout.selectedFilters;\r\n      let val;\r\n      if (header.reportPeriod_val in flt) {\r\n        val = flt[header.reportPeriod_val].value;\r\n      }\r\n      if (val && Array.isArray(val) && val.length) {\r\n        val = val.map(el => {\r\n          return this.formator(+el + this.timeZoneCorrection, 'date');\r\n        });\r\n        r_period_tag = `<div class=\"r_period\" >${val[0]} - ${val[1]}</div>`;\r\n      } else {\r\n        r_period_tag = `<div class=\"r_period\" >All</div>`;\r\n      }\r\n    }\r\n    // report title\r\n    if (header.reportTitleChkBox) {\r\n      r_title_tag = `<div class=\"r_title\" >${header.reportTitle}</div>`;\r\n    }\r\n\r\n    let tpl = /*html*/ `\r\n              <div class=\"main-heading-col\">\r\n                ${logo_tag}\r\n                ${c_name_tag}\r\n                <div class='r_title_tag'> ${r_title_tag}</div>\r\n                ${h_note_tag}\r\n                ${r_period_tag}\r\n              </div>\r\n              <div class=\"qr-code-col\">\r\n                ${qr_code_tag}\r\n              </div>\r\n        `;\r\n    return tpl;\r\n  }\r\n  transformTemplateFooter() {\r\n    return new MakeHeaderFooter().transformTemplateFooter.call(this);\r\n    let footer = this.data.reportLayout.viewState.settingsFormState.footer;\r\n\r\n    let f_note_tag = \"\",\r\n      f_prepared_by_tag = \"\",\r\n      f_data = \"\";\r\n\r\n    // footer note\r\n    if (footer.footerNote) {\r\n      f_note_tag = `<div class=\"f_note\" >${footer.footerNote}</div>`;\r\n    }\r\n    // footer note\r\n    if (footer.preparedByChkBox && footer.preparedBy) {\r\n      f_prepared_by_tag = `<div class=\"f_note\" >${footer.preparedBy}</div>`;\r\n    }\r\n\r\n    if (footer.preparationDateChkBox && footer.preparationDate) {\r\n      f_data = this.formator(+el + this.timeZoneCorrection,);\r\n      f_prepared_by_tag = `<div class=\"f_note\" >${footer.f_data}</div>`;\r\n    }\r\n    let tpl = /*html*/ `\r\n                ${f_note_tag}\r\n                ${f_prepared_by_tag}\r\n  \r\n        `;\r\n    return tpl;\r\n  }\r\n\r\n  // transformTableHeader() {\r\n\r\n  //   let colstpl = this.totalColsToDraw\r\n  //     .map((col, i) => {\r\n  //       let cl = i === 0 ? this.firstColRemWidth : this.gropColWidth;\r\n\r\n  //       return /* html */ `<div class=\"ges-rep-col basis-${cl}\">${(col.label/*  &&\r\n  //         col.toUpperCase() */) ||\r\n  //         \"\"}</div>`;\r\n  //     })\r\n  //     .join(\"\");\r\n\r\n  //   let tpl = /* html */ `\r\n  //       <div class=\"ges-rep-row \">${colstpl}</div>`;\r\n  //   return tpl;\r\n  // }\r\n\r\n  createGroupLablesCols() {\r\n    let secondRow = \"\";\r\n    let colstpl = this.totalColsToDraw\r\n      .map((col, i) => {\r\n        let cl = i === 0 ? this.firstColRemWidth : this.gropColWidth;\r\n        if (i === 0) {\r\n          secondRow += `<div class=\"ges-rep-col basis-${cl}\">${col.label\r\n            }</div>`;\r\n        } else {\r\n          let v = col._groupLabels.reduce(() => { }, `<`);\r\n          // secondRow += `<div class=\"ges-rep-col basis-${cl}\" > ${} </div>`\r\n        }\r\n        return /* html */ `<div class=\"ges-rep-col basis-${cl}\">${col.label /*  &&\r\n          col.toUpperCase() */ ||\r\n          \"\"}</div>`;\r\n      })\r\n      .join(\"\");\r\n\r\n    let tpl = /* html */ `\r\n        <div class=\"ges-rep-row \">${colstpl}</div>`;\r\n    return tpl;\r\n  }\r\n  has_groupLabels(val) {\r\n    return !!val[_groupLabels].length;\r\n  }\r\n  _comparisionValues() { }\r\n\r\n  transformTableHeader() {\r\n    let comparisonStr = \"\";\r\n    // debugger\r\n    let colstpl = this.totalColsToDraw\r\n      .map((col, i) => {\r\n        let cl = i === 0 ? this.firstColRemWidth : this.gropColWidth;\r\n        let parent = cl;\r\n        if (this.isComparison) {\r\n          parent = cl * (i !== 0 ? col._groupLabels.length || 1 : 1);\r\n        }\r\n\r\n        // debugger\r\n        if (this.isComparison) {\r\n          // comparisonStr += this._transform_table_header_comparison(i, col, cl);\r\n          comparisonStr += this._transform_table_header_comparison(i, col, cl);\r\n          // debugger\r\n        }\r\n        return /* html */ `<div class=\"ges-rep-col basis-${parent} ${this.hasOneColOnly && i === 0 ? \"first-col\" : \"\"\r\n          }\">${col.label /*  &&\r\n            col.toUpperCase() */ || \"\"}</div>`;\r\n      })\r\n      .join(\"\");\r\n\r\n    let tpl = /* html */ `\r\n          <div class=\"ges-rep-row ${this.hasOneColOnly && !this.isComparison ? \"uni-col\" : \"\"\r\n      } \">${colstpl}</div>`;\r\n\r\n    if (this.isComparison) {\r\n      // comparisonStr =  `<div class=\"ges-rep-row ${this.hasOneColOnly ? 'uni-col':''}\">${comparisonStr}</div>`;\r\n      comparisonStr = `<div class=\"ges-rep-row \">${comparisonStr}</div>`;\r\n    }\r\n    // debugger\r\n    return tpl + comparisonStr;\r\n  }\r\n  _getLabelFormat(node, colType) {\r\n    // if (node.label === 'Net Income') debugger\r\n    return this.tree.columns\r\n      .filter(col => {\r\n        return col.dataModel === node._model;\r\n      })\r\n      .map(col => {\r\n        if (!col.formats) return { format: \"{label}\" };\r\n\r\n        return col.formats.filter(el => {\r\n          if (el.map.value === \"ACCOUNT\") {\r\n            // if (el.map.template.toUpperCase() === this.configTemplate.key) {\r\n            //   return node[el.map.column] === el.map.value;\r\n            // }\r\n            return el.map.template.toUpperCase() === this.configTemplate.key;\r\n          } else {\r\n            return node[el.map.column] === el.map.value;\r\n          }\r\n        })[0];\r\n      })[0];\r\n  }\r\n\r\n  _transform_table_header_comparison(index, col, parentLength, applyFormat) {\r\n    if (index === 0) {\r\n      //col._groupLabels.length * this.gropColWidth\r\n      return `<div class=\"ges-rep-col basis-${this.firstColRemWidth\r\n        } no-border-top ${this.hasOneColOnly ? \"first-col\" : \"\"}\" ></div>`;\r\n    }\r\n    // this.group.reportFormat\r\n    if (!col._groupLabels.length) {\r\n      // consume space in html column\r\n\r\n      return `<div class=\"ges-rep-col basis-${parentLength} no-border-top\"></div>`;\r\n    }\r\n    //flex-${isLast? '7rem':'' }\r\n    let secondRow = ``;\r\n    let colstpl = col._groupLabels // any group value\r\n      .map((col_, i) => {\r\n        let isLast =\r\n          /*  col._groupLabels.length > 1 &&  */ col._groupLabels.length ===\r\n          i + 1;\r\n        // this.firstColRemWidth} no-border-top\">${!applyFormat ? col.label : this.numberPipe.transform(val_, this.group.reportFormat ?this.group.reportFormat.toLowerCase(): 'amount')\r\n        let val = col_.label;\r\n        if (applyFormat && typeof val !== \"undefined\") {\r\n          // debugger\r\n          val = this.numberPipe.transform(\r\n            val,\r\n            this.group.reportFormat\r\n              ? this.group.reportFormat.toLowerCase()\r\n              : \"amount\"\r\n          );\r\n        }\r\n        return /* html */ `<div class=\"ges-rep-col flex-${isLast ? \"7\" : \"\"\r\n          }\">${val || \"\"}</div>`;\r\n      })\r\n      .join(\"\");\r\n\r\n    let tpl = /* html */ `\r\n      <div class=\"ges-rep-col basis-${col._groupLabels.length *\r\n      this.gropColWidth} no-border-top has-sub-cols\">${colstpl}</div>`;\r\n    return tpl;\r\n  }\r\n\r\n  TotalRow(node, className) {\r\n    // debugger;\r\n    //  // <ul class=\"ges-node-accordion flatten\" style=\"width:${this.totalRowWidth}rem;\">\r\n    let x = /*html*/ `\r\n\r\n    <ul class=\"ges-node-accordion ${this.configTemplate.key === \"FLATTEN\" ? \"flatten\" : \"\"\r\n      } has-total-row\">\r\n      <li> \r\n        <div class=\"child\">       \r\n          <div class=\"child depth-0\">\r\n            <ul class=\"ges-child-accordion tr CHART_OF_ACCOUNT\">\r\n              <li>\r\n                <div class=\"child total-row\">\r\n                <div class=\"ges-rep-row ${this.hasOneColOnly && !this.isComparison ? \"uni-col\" : \"\"\r\n      } ${node._model} \">\r\n                 ${node._groups\r\n        .map((g, i) => {\r\n          if (this.isComparison && i !== 0) {\r\n            if (i > 0 && Array.isArray(g.value) && g.value.length) {\r\n              let cols = \"\";\r\n\r\n              cols = g.value\r\n                .map((col_, i) => {\r\n                  let isLast = g.value.length === i + 1;\r\n                  // this.firstColRemWidth} no-border-top\">${!applyFormat ? col.label : this.numberPipe.transform(val_, this.group.reportFormat ?this.group.reportFormat.toLowerCase(): 'amount')\r\n                  let val = col_.value;\r\n                  if (col_.numberFormat) {\r\n                    val = this.numberPipe.transform(\r\n                      val,\r\n                      col_.numberFormat.toLowerCase()\r\n                    );\r\n                  } else {\r\n                    val = this.numberPipe.transform(\r\n                      val,\r\n                      this.group.reportFormat\r\n                        ? this.group.reportFormat.toLowerCase()\r\n                        : \"amount\"\r\n                    );\r\n                  }\r\n\r\n                  return /* html */ `<div class=\"ges-rep-col flex-${isLast ? \"7\" : \"\"\r\n                    }\">${val || \"\"}</div>`;\r\n                })\r\n                .join(\"\");\r\n\r\n              return `<div class=\"ges-rep-col ${className} basis-${this.isFlatten\r\n                ? this.gropColWidth\r\n                : this.gropColWidth * 3\r\n                } has-sub-cols\">${cols}</div>`;\r\n            }\r\n          } else {\r\n            let val = g.value;\r\n            if (i !== 0) {\r\n              //  debugger;\r\n              if (g.numberFormat) {\r\n                val = this.numberPipe.transform(\r\n                  val || \"0\",\r\n                  g.numberFormat.toLowerCase()\r\n                );\r\n              } else {\r\n                //  debugger;\r\n                val = this.numberPipe.transform(\r\n                  val || \"0\",\r\n                  this.group.reportFormat\r\n                    ? this.group.reportFormat.toLowerCase()\r\n                    : \"amount\"\r\n                );\r\n              }\r\n            }\r\n            if (this.hasOneColOnly) {\r\n              //  debugger;\r\n            }\r\n            //  debugger;\r\n            return `<div class=\"ges-rep-col ${className} basis-${this.gropColWidth\r\n              } ${this.hasOneColOnly ? \"first-col\" : \"\"\r\n              } ${node.label.split(\" \").join(\"-\")} ${node._model\r\n              }\"><div>${val}</div></div>`;\r\n          }\r\n\r\n          // return `<div class=\"ges-rep-col ${className} basis-${\r\n          //   this.gropColWidth}\"><div>${g.value}</div></div>`;\r\n        })\r\n        .join(\" \")}\r\n                  </div>\r\n                </div>\r\n              </li>\r\n            </ul>\r\n          </div> \r\n        </div>\r\n      </li>\r\n    </ul>`;\r\n    return x;\r\n  }\r\n\r\n  groupsRow(node, className) {\r\n    // if(node.title == 'Other Revenues and Expenses')debugger\r\n    // if (node.label === \"NET PROFIT\") debugger;\r\n    let comparisonStr = \"\";\r\n    let wid = this.gropColWidth;\r\n    if (this.isComparison) wid = wid * 3;\r\n    // node._groups.unshift({ value: node.label });\r\n    let str = `<div class=\"ges-rep-row ${className} ${this.hasOneColOnly && !this.isComparison ? \"uni-col\" : \"\"\r\n      } ${node.label === \"NET PROFIT\" ? \"NET-PROFIT\" : \"\"} ${node._model}\">`;\r\n\r\n    str +=\r\n      node._groups\r\n        .map((g, i) => {\r\n          // let cl = i == 0 ? this.firstColRemWidth : this.gropColWidth;\r\n\r\n          if (this.isComparison) {\r\n            if (i > 0 && Array.isArray(g.value) && g.value.length) {\r\n              // comparison\r\n\r\n              let cols = \"\";\r\n              cols = g.value\r\n                .map((col_, i) => {\r\n                  let isLast = g.value.length === i + 1;\r\n                  // this.firstColRemWidth} no-border-top\">${!applyFormat ? col.label : this.numberPipe.transform(val_, this.group.reportFormat ?this.group.reportFormat.toLowerCase(): 'amount')\r\n                  let val = col_.value;\r\n                  if (col_.numberFormat) {\r\n                    val = this.numberPipe.transform(\r\n                      val,\r\n                      col_.numberFormat.toLowerCase()\r\n                    );\r\n                  } else {\r\n                    val = this.numberPipe.transform(\r\n                      val,\r\n                      this.group.reportFormat\r\n                        ? this.group.reportFormat.toLowerCase()\r\n                        : \"amount\"\r\n                    );\r\n                  }\r\n\r\n                  return /* html */ `<div class=\"ges-rep-col flex-${isLast ? \"7\" : \"\"\r\n                    }\">${val || \"\"}</div>`;\r\n                })\r\n                .join(\"\");\r\n\r\n              return `<div class=\"ges-rep-col ${className} basis-${wid} has-sub-cols\">${cols}</div>`;\r\n            }\r\n          }\r\n\r\n          let val = g.value;\r\n          if (i !== 0)\r\n            val = this.numberPipe.transform(\r\n              val,\r\n              this.group.reportFormat\r\n                ? this.group.reportFormat.toLowerCase()\r\n                : \"amount\"\r\n            );\r\n\r\n          // debugger\r\n          return `<div class=\"ges-rep-col ${className} basis-${i === 0 ? this.firstColRemWidth : wid\r\n            } ${this.hasOneColOnly && i === 0 ? \"first-col\" : \"\"} ${node._model === \"TITLE_LABEL\" ? \"TITLE-LABEL\" : \"\"\r\n            } ${node._model}\"><div>${val}</div></div>`;\r\n        })\r\n        .join(\" \") + `</div>`;\r\n    // if (str.includes(\"undefined\")) debugger;\r\n    return str;\r\n  }\r\n\r\n  //   groupsRow(node, className) {\r\n  //     // node._groups.unshift({ value: node.label });\r\n  //     let str = `\r\n  //     <div class=\"ges-rep-row  \">`;\r\n\r\n  //     str += node._groups.map((g, i) => {\r\n  //       let w = i == 0 ? this.firstColRemWidth : this.gropColWidth;\r\n  //       // ;\r\n\r\n  //       return `<div class=\"ges-rep-col ${className} basis-${\r\n  //         this.gropColWidth\r\n  //         }\">${g.value}</div>`;\r\n  //     })\r\n  //       .join(\" \") + `</div>`;\r\n  //     if(str.includes('undefined')) debugger\r\n  //     return str;\r\n  //  }\r\n\r\n  reduceGroups(node) {\r\n    // deal the endNodes\r\n    // if(node.label === 'NET PROFIT') debugger;\r\n    // debugger\r\n\r\n    let className = [\"SECTION_TOTAL\", \"TITLE_TOTAL\", \"DRAWER_TOTAL\"].includes(\r\n      node._model\r\n    )\r\n\r\n      ? `section-total ${node.label.split(\" \").join(\"-\")} ${node._model}`\r\n      : \"\";\r\n    // if(className)debugger\r\n    // let _model = node._model\r\n\r\n    // if (node.label === 'Total Cash and Cash Equivalents') debugger;\r\n    let format = this._getLabelFormat(node);\r\n    let value;\r\n    if (!format) {\r\n      // debugger;\r\n      value = node.label;\r\n    } else {\r\n      value = this.makeLabelFromFormat(node, format.format);\r\n    }\r\n    // if (!Array.isArray(node._groups)) debugger;\r\n    node._groups.unshift({ value });\r\n    // if(node)\r\n    // if(node._model !== 'CHART_OF_ACCOUNT')debugger\r\n    let acc = this.groupsRow(node, className);\r\n    return /* html */ `\r\n        <div class=\"child ${\"depth-\" + node.__d__epth}\">\r\n          <ul class=\"ges-child-accordion tr ${node._model}\">\r\n            <li>\r\n              <div class=\"child\">\r\n                ${acc}\r\n              </div>\r\n            </li>\r\n          </ul>\r\n          </div>\r\n              `;\r\n  }\r\n\r\n  make_label(node) {\r\n    // if(node.title === \"Other Revenues and Expenses\") debugger\r\n    let format = this._getLabelFormat(node);\r\n    // if (!format) debugger;\r\n    let val = this.makeLabelFromFormat(node, format.format);\r\n    let tpl = /* html */ `\r\n        <h2 class=\"title header\">\r\n          <div class=\"ges-rep-row \">\r\n            <div class=\"ges-rep-col ${format.className ? format.className : \"\"\r\n      }\">${val}</div>\r\n          </div>\r\n        </h2>\r\n      `;\r\n    return tpl;\r\n  }\r\n\r\n  // reduceFlattenTransaction(node) {\r\n  //   let acc = \"\";\r\n\r\n  //   if (!node._items) {\r\n  //     //\r\n  //     acc = `<div  class=\"ges-rep-row\" ><div class=\"ges-rep-col basis-18\" style=\"padding-left:${(node.__d__epth -\r\n  //       1) *\r\n  //       10 +\r\n  //       30}px\">Transactions not found</div></div>`;\r\n  //   } else {\r\n  //     acc += node._items\r\n  //       .map(_node => {\r\n  //         _node.__d__epth = node.__d__epth;\r\n  //         return this.transformTitleRow(_node, node);\r\n  //       })\r\n  //       .join(\" \");\r\n  //   }\r\n  //   return /* html */`\r\n  //     <div class=\"child ${node.__d__epth}\">\r\n  //       <ul class=\"ges-child-accordion tr\">\r\n  //         <li>\r\n  //           <div class=\"child\" style=\"left:${(node.__d__epth - 1) * -10}px\">\r\n  //             ${acc}\r\n  //           </div>\r\n  //         </li>\r\n  //       </ul>\r\n  //       </div>\r\n  //           `;\r\n  // }\r\n\r\n  transformTitleRow(node, parent) {\r\n    switch (node._model) {\r\n      case \"TRANSACTION_BALANCE\":\r\n      case \"TRANSACTION\":\r\n      case \"TRANSACTION_TOTAL\":\r\n        return this.make_tr(node, parent);\r\n      case \"GROUP\":\r\n      case \"CHART_OF_ACCOUNT\":\r\n      default:\r\n        // debugger\r\n        return this.make_label(node);\r\n    }\r\n  }\r\n\r\n  reducer(node, c_name) {\r\n    node.__d__epth = node.__d__epth ? node.__d__epth : 0;\r\n    // console.log('depth', node.__d__epth)\r\n    var make_child_node = (el, isSecondLast) => {\r\n      let acc = ``;\r\n      acc += /*html*/ `\r\n                  <div class=\"child ${isSecondLast ? \"second-last\" : \"\"}\">\r\n                    ${this.reducer(el, \"ges-child-accordion node\")}\r\n                  </div>\r\n                  `;\r\n      return acc;\r\n    };\r\n    let str = \"\";\r\n\r\n    if (this.configTemplate.key === 'FLATTEN') {\r\n      // debugger\r\n      // let starter = `\r\n      // <ul class=\"${c_name} flatten\" style=\"width:${this.totalRowWidth}rem;\">\r\n      //   <li>\r\n      //   <input type=\"checkbox\" ${this.data.reportLayout.expended ? '':'checked'} /><i></i>\r\n      //     ${this.transformTitleRow(node)}\r\n      //     `;\r\n\r\n      //<ul class=\"${c_name} flatten\" style=\"width:${this.totalRowWidth}rem;\">\r\n      let className = [\"SECTION_TOTAL\", \"TITLE_TOTAL\", \"DRAWER_TOTAL\"].includes(\r\n        node._model\r\n      )\r\n        ? `section-total`\r\n        : \"\";\r\n      let starter = `\r\n        <ul class=\"${c_name} flatten ${className ? \"has-total-row\" : \"\"} ${node._model\r\n        }\" >\r\n          <li> \r\n            `;\r\n      str += starter;\r\n      // debugger\r\n\r\n      str += `<div class=\"child\">\r\n                    ${this.reduceGroups(node)}\r\n                  </div>`;\r\n    } else {\r\n      //<ul class=\"${c_name}\" style=\"width:${this.totalRowWidth}rem;\">\r\n      let starter = `\r\n        <ul class=\"${c_name}\" >\r\n          <li>\r\n            <input type=\"checkbox\" ${this.data.reportLayout.expended ? \"\" : \"checked\"\r\n        } /><i></i>\r\n            ${this.transformTitleRow(node)}\r\n            `;\r\n      if (node._items) {\r\n        // console.log(node)\r\n      } else {\r\n        // zero level\r\n        // debugger\r\n      }\r\n      // if (!node._items) debugger;\r\n      let n_length_1 = node._items.length - 2;\r\n      str = node._items.reduce((acc, el, i, arr) => {\r\n        let isSecondLast = n_length_1 === i;\r\n        el.__d__epth = node.__d__epth + 1;\r\n        switch (el._model) {\r\n          case 'SECTION_TOTAL':\r\n          case 'DRAWER_TOTAL':\r\n          case 'TITLE_TOTAL':\r\n          // debugger\r\n          case 'CHART_OF_ACCOUNT':\r\n            let type = el._groups ? 'groups' : 'items';\r\n            switch (type) {\r\n              case \"groups\":\r\n                acc += this.reduceGroups(el);\r\n                return acc;\r\n              default:\r\n                acc += make_child_node(el, isSecondLast);\r\n                return acc;\r\n            }\r\n          default:\r\n            acc += make_child_node(el);\r\n            return acc;\r\n        }\r\n      }, starter);\r\n    }\r\n\r\n    str += `\r\n  \r\n            </li>\r\n        </ul>\r\n  \r\n      `;\r\n\r\n    return str;\r\n  }\r\n}\r\n\r\nlet userTimeZoneObj;\r\nlet reportUrl;\r\n\r\nasync function beforeRender(req, res, done) {\r\n\r\n  try {\r\n    let layout = req.data\r\n    let id = layout.reportLayout.appInit.item.user.userSettings.timezoneId;\r\n    let userTimeZone = layout.reportLayout.appInit.item.timeZone.filter(\r\n      d => d.timezoneId === id\r\n    )[0];\r\n    userTimeZoneObj = layout.reportLayout.appInit.item.timeZone.find(d => d.timezoneId === id);\r\n\r\n    let timeZoneCorrection =\r\n      new Date().getTimezoneOffset() * 60 * 1000 +\r\n      userTimeZone.rawOffset * 1000;\r\n    let user_dateFormat =\r\n      layout.reportLayout.appInit.item.user.userSettings.dateFormat;\r\n    let user_timeFormat =\r\n      layout.reportLayout.appInit.item.user.userSettings.timeFormat;\r\n    reportUrl = layout.reportLayout.qrData.reportUrl;\r\n    let numberPipe = new NumberPipe(layout.reportLayout);\r\n    \r\n    let tpl = new GenReport2(layout, {\r\n      numberPipe,\r\n      userTimeZone,\r\n      user_dateFormat,\r\n      timeZoneCorrection\r\n    });\r\n    req.data.pdf = tpl.pdf;\r\n    req.data.size = tpl.size;\r\n    req.data.totalRowWidth = tpl.totalRowWidth;\r\n    req.data.template = tpl.finalTemplate;\r\n    req.data.templateName = layout.reportLayout.templateName\r\n\r\n    done()\r\n  } catch (e) {\r\n    // console.error(e)\r\n    // console.log(e)\r\n    // req.data.template = JSON.stringify(e);\r\n    // done()\r\n    req.data.template = JSON.stringify(e)\r\n    done(new Error(e))\r\n  }\r\n\r\n}\r\n"}