{"shortid":"BygKjPNYXr","name":"app_report.html","recipe":"chrome-pdf","engine":"handlebars","chrome":{"printBackground":true},"scripts":[{"shortid":"SJglgoEumH"}],"creationDate":"2021-01-28T12:08:37.246Z","modificationDate":"2021-01-28T12:08:37.246Z","_id":"f0jVs4D3aPa5OsGM","content":"<html>\r\n\r\n<head>\r\n    <meta charset=\"utf-8\" />\r\n    <meta http-equiv=\"X-UA-Compatible\" content=\"IE=edge\">\r\n    <title>Page Title</title>\r\n    <meta name=\"viewport\" content=\"width=device-width, initial-scale=1\">\r\n    </head>\r\n    \r\n<body>\r\n   \r\n    <div>\r\n      <style>\r\n           {#asset /assets/app_style.css @encoding=utf8}  \r\n            {#asset /fonts.css @encoding=utf8}\r\n        </style>\r\n        <img  style=\"display: none\" src=\"{#asset /assets/fonts/icomoon.svg @encoding=dataURI}\" />\r\n        <img  style=\"display: none\" src=\"{#asset /assets/InnteoLogo.png @encoding=dataURI}\" />\r\n    </div>\r\n\r\n   <div class=\"ges-main-container\"> {{{template}}} </div>\r\n    <!--html-end-->\r\n    </body>\r\n\r\n</html>"}