{"shortid":"B1x43xHZpV","name":"bl_comparison.html","recipe":"chrome-pdf","engine":"handlebars","chrome":{"printBackground":true},"creationDate":"2021-01-28T12:08:37.286Z","modificationDate":"2021-01-28T12:08:37.286Z","_id":"U9J2QDZVYf5JfpES","scripts":[{"shortid":"HyeH7brbTE"}],"folder":{"shortid":"SW7P19U"},"content":"<html>\r\n\r\n<head>\r\n    <meta charset=\"utf-8\" />\r\n    <meta http-equiv=\"X-UA-Compatible\" content=\"IE=edge\">\r\n    <title>Page Title</title>\r\n    <meta name=\"viewport\" content=\"width=device-width, initial-scale=1\">\r\n    </head>\r\n    \r\n<body>\r\n   \r\n    <div>\r\n      <style>\r\n           \r\n         \r\n           {#asset /assets/bl_comparison.css @encoding=utf8}  \r\n        \r\n            {{#if pdf}}\r\n            \r\n                .ges-main-container > ul.ges-table {\r\n                      height: {{{size.height}}}px;\r\n                       width:{{{size.width}}}px;\r\n                       overflow: unset;\r\n   \r\n                }\r\n                .ges-main-container p,\r\n                .ges-main-container div.child {\r\n                    max-height:unset;\r\n                }\r\n                .ges-main-container {\r\n                    -webkit-box-shadow: unset !important;\r\n                     box-shadow: unset !important; \r\n                }\r\n                \r\n            {{else}}\r\n\r\n            \t.ges-main-container > ul.ges-table {\t\r\n                  /*position: relative;\t\t  position: relative;*/\r\n                  /*padding-left: 0;\t\t  padding-left: 0;\r\n                  overflow: auto;\t\t\r\n                  height: calc(100% - 430px);\r\n                  height: calc(100vh - 430px);\r\n                  width: inherit;*/\t\t\r\n                }\r\n                .ges-main-container {\r\n                    -webkit-box-shadow: 0 0 10px rgba(0, 0, 0, 0.16) !important;\r\n                            box-shadow: 0 0 10px rgba(0, 0, 0, 0.16) !important;\r\n                    /*margin-bottom: 25px;*/\r\n                    width: inherit;\r\n                    background: white;\r\n                    overflow: scroll;\r\n                    /*min-height: unset;\r\n                    padding-right: 15px;*/\r\n                    max-height: 75vh;\r\n                }\r\n\r\n            {{/if}}\r\n             \r\n              {#asset /fonts.css @encoding=utf8}\r\n   </style>\r\n    <img  style=\"display: none\" src=\"{#asset /assets/fonts/icomoon.svg @encoding=dataURI}\" />\r\n    <img  style=\"display: none\" src=\"{#asset /assets/InnteoLogo.png @encoding=dataURI}\" />\r\n </div>\r\n\r\n\r\n    <div class=\"ges-main-container\">\r\n            {{{template}}}\r\n   \r\n    </div>\r\n\r\n    <!--html-end-->\r\n    </body>\r\n\r\n</html>\r\n\r\n\r\n","helpers":""}