{"shortid":"rJltzWMd3V","name":"general_ledger.html","recipe":"chrome-pdf","engine":"handlebars","chrome":{"printBackground":true},"creationDate":"2021-01-28T12:08:37.254Z","modificationDate":"2021-01-28T12:08:37.254Z","_id":"LDSxexso6yzq8dZF","scripts":[{"shortid":"B1gK2ACzXH"}],"data":{"shortid":"ryC6FT5jH"},"folder":{"shortid":"YQyBOyX"},"content":"<html>\r\n\r\n<head>\r\n    <meta charset=\"utf-8\" />\r\n    <meta http-equiv=\"X-UA-Compatible\" content=\"IE=edge\">\r\n    <title>Page Title</title>\r\n    <meta name=\"viewport\" content=\"width=device-width, initial-scale=1\">\r\n    </head>\r\n    \r\n<body>\r\n   \r\n    <div>\r\n      <style>\r\n            \r\n           {#asset /assets/general_ledger.css @encoding=utf8}  \r\n        \r\n            {{#if pdf}}\r\n            .ges-main-container > ul.ges-table {\r\n                height: ${this.size.height}px;\r\n                width: ${this.size.width}px;\r\n                overflow: unset;\r\n\r\n            }\r\n            .ges-main-container p,\r\n            .ges-main-container div.child {\r\n                max-height:unset;\r\n            }\r\n            .ges-main-container {\r\n                -webkit-box-shadow: unset !important;\r\n                box-shadow: unset !important; }\r\n            {{else}}\r\n                    .ges-main-container > ul.ges-table {\t\r\n                        /*position: relative;\t\t  position: relative;*/\r\n                        /*padding-left: 0;\t\t  padding-left: 0;\r\n                        height: calc(100% - 430px);\r\n                        height: calc(100vh - 430px);\r\n                        width: inherit;*/\t\t\r\n                    }\r\n                    /* for format pdf addition bug MS-7014 */\r\n                     .ges-main-container {\r\n                        -webkit-box-shadow: 0 0 10px rgba(0, 0, 0, 0.16) !important;\r\n                                box-shadow: 0 0 10px rgba(0, 0, 0, 0.16) !important;\r\n                        /*margin-bottom: 25px;*/\r\n                        width: inherit;\r\n                        background: white;\r\n                        overflow: scroll;\r\n                        /*min-height: unset;\r\n                        padding-right: 15px;*/\r\n                        max-height: 75vh;\r\n                    }\r\n            {{/if}}\r\n             \r\n              {#asset /fonts.css @encoding=utf8}\r\n        </style>\r\n        <img  style=\"display: none\" src=\"{#asset /assets/fonts/icomoon.svg @encoding=dataURI}\" />\r\n        <img  style=\"display: none\" src=\"{#asset /assets/InnteoLogo.png @encoding=dataURI}\" />\r\n    </div>\r\n\r\n   <div class=\"ges-main-container\"> {{{template}}} </div>\r\n    <!--html-end-->\r\n    </body>\r\n\r\n</html>"}