{"shortid":"B1gFU8bQmS","name":"index.html","recipe":"chrome-pdf","engine":"handlebars","chrome":{"printBackground":true},"creationDate":"2021-01-28T12:08:37.262Z","modificationDate":"2021-01-28T12:08:37.262Z","_id":"WsM9JG1YSbf4l2E8","scripts":[{"shortid":"SygwS8-mQS"}],"folder":{"shortid":"zUeTuNp"},"content":"<html>\r\n\r\n<head>\r\n    <meta charset=\"utf-8\" />\r\n    <meta http-equiv=\"X-UA-Compatible\" content=\"IE=edge\">\r\n    <title>Page Title</title>\r\n    <meta name=\"viewport\" content=\"width=device-width, initial-scale=1\">\r\n     <style>\r\n         {{#if gl}} \r\n             {#asset /assets/general_ledger.css @encoding=utf8}  \r\n         {{/if}}\r\n         {{#if bl}} \r\n             {#asset /assets/bl_comparison.css @encoding=utf8}  \r\n         {{/if}}\r\n         {{#if pl}} \r\n              {#asset /assets/profit_loss.css @encoding=utf8}  \r\n         {{/if}}\r\n         {{#if tb}} \r\n              {#asset /assets/t_balance.css @encoding=utf8}  \r\n         {{/if}}\r\n        \r\n        {{{cssSettings}}}\r\n        {#asset /fonts.css @encoding=utf8}\r\n        </style>\r\n    </head>\r\n    \r\n<body>\r\n   \r\n    <div>\r\n\r\n        <img  style=\"display: none\" src=\"{#asset /assets/fonts/icomoon.svg @encoding=dataURI}\" />\r\n        <img  style=\"display: none\" src=\"{#asset /assets/InnteoLogo.png @encoding=dataURI}\" />\r\n    </div>\r\n\r\n\r\n    <div class=\"ges-main-container\">\r\n            {{{template}}}\r\n    </div>\r\n\r\n    <!--html-end-->\r\n    </body>\r\n\r\n</html>"}