{"shortid":"HJe7nm0cZr","name":"p_invoice.html","recipe":"chrome-pdf","engine":"handlebars","chrome":{"printBackground":true,"marginTop":"20px","marginBottom":"20px"},"scripts":[{"shortid":"S1xw6V0qZS"}],"creationDate":"2021-01-28T12:08:37.271Z","modificationDate":"2021-01-28T12:08:37.271Z","_id":"mYe1mUqS9YzvH7Ab","folder":{"shortid":"zchfL01"},"content":"<html dir=\"{{direction}}\">\r\n\r\n<head>\r\n    <meta charset=\"utf-8\" />\r\n    <meta http-equiv=\"X-UA-Compatible\" content=\"IE=edge\">\r\n    <title>Page Title</title>\r\n    <meta name=\"viewport\" content=\"width=device-width, initial-scale=1\">\r\n    </head>\r\n    \r\n<body>\r\n    \r\n    <div>\r\n        <style>\r\n        {#asset /assets/invoices.css @encoding=utf8}  \r\n            {{#if pdf}}\r\n              {#asset /assets/app_style.css @encoding=utf8} \r\n                 .ges-main-container page[size=\"A4\"] {\r\n                     padding-top: 30px;\r\n                     width: 28cm;\r\n                      -webkit-box-shadow: unset !important;\r\n                        box-shadow: unset !important; \r\n                }\r\n\r\n                {#asset /fonts.css @encoding=utf8}\r\n\r\n            {{else}}\r\n            \t.ges-main-container > ul.ges-table {\t\r\n                  /*position: relative;\t\t  position: relative;*/\r\n                  /*padding-left: 0;\t\t  padding-left: 0;\r\n                  overflow: auto;\t\t\r\n                  height: calc(100% - 430px);\r\n                  height: calc(100vh - 430px);\r\n                  width: inherit;*/\t\t\r\n                }\r\n            {{/if}}\r\n             \r\n        </style>\r\n    <img  style=\"display: none\" src=\"{#asset /assets/fonts/icomoon.svg @encoding=dataURI}\" />\r\n    <img  style=\"display: none\" src=\"{#asset /assets/InnteoLogo.png @encoding=dataURI}\" />\r\n </div>\r\n\r\n<div class=\"ges-main-container\">\r\n        {{{template}}}\r\n</div>\r\n\r\n<!--html-end-->\r\n</body>\r\n\r\n</html>"}